Workbook

Sheet Invoer
B1: van Heugten Transport tarieven Calculator 2026
B2: Deze tarieven zijn geldig van 1 januari t/m 30 juni 2026 | E2: ORDERS AANMELDEN VOOR 15.00 uur
B5: Tariefsaanvraag | C5: =IF(J3="","",J3) | D5: =IF(NOT(ISBLANK(J1)), VLOOKUP(J1, Stamdata!H:I, 2, FALSE), "") | I5: Invoer:
I6: Criteria | K6: Input | N6: Service producten
B7: Datum: | C7: =TODAY() -> 46191 | I7: Land* (Export / Import) | K7: DE-Exp | N7: =Toeslagen!D1 -> Klep
B8: Laadmeters: | C8: =IF($K$11="", $J$11, $K$11) -> 2.5 | D8: LM | I8: Voer postcode* van het laad-/losadres in: | J8: =IF(K8="", "", TEXT(K8, "00")) -> 27 | K8: 27 | L8: =IF(K8="", "", IF(ISERROR(VLOOKUP(K8, INDIRECT("'" & K7 & "'!A:A"), 1, FALSE)), "Postcode niet gevonden", "")) | N8: =Toeslagen!F1 -> Kooiaap | O8: 0
B9: Gewicht: | C9: =IF($K$12="", $J$12, $K$12) -> 400 | D9: KG | I9: (Alleen eerste 2 karakters)
I10: Voer Laaddag in: | N10: =Toeslagen!H1 -> ADR
B11: Locatie laden | D11: Locatie lossen | G11: Transitdagen: | I11: Laadmeters* (verplichtveld) | J11: =L38 -> 2.38825 | K11: 2.5 | L11: =IFERROR(MAX(0, MIN(13.6, INDEX(INDIRECT("'" & K7 & "'!N:N"), MATCH(IF(K11 = "", J11, K11), INDIRECT("'" & K7 & "'!N:N"), 1) + (IF(K11 = "", J11, K11) > INDEX(INDIRECT("'" & K7 & "'!N:N"), MATCH(IF(K11 = "", J11, K11), INDIRECT("'" & K7 & "'!N:N"), 1)))))), "") -> 2.5 | M11: Afgerond naar eerst volgende (Laadmeters) | N11: =Toeslagen!J1 -> Documentatie
B12: =I18 -> Plaats: | C12: =IF(K18="","",K18) -> Leeuwarden | D12: =I22 -> Plaats: | F12: =IF(K22="","",K22) -> Schiffdorf-Sellstedt | I12: Gewicht* (verplichtveld) | J12: =K38 -> 3000 | K12: 400 | L12: =IFERROR(MAX(0,MIN(25000,INDEX(INDIRECT("'"&K7&"'!O:O"),MATCH(IF(K12="",J12,K12),INDIRECT("'"&K7&"'!O:O"),1)+(IF(K12="",J12,K12)>INDEX(INDIRECT("'"&K7&"'!O:O"),MATCH(IF(K12="",J12,K12),INDIRECT("'"&K7&"'!O:O"),1)))))), "") -> 700 | M12: Afgerond naar eerst volgende (Gewicht) | N12: =Toeslagen!K1 -> Inklaring
B13: =I19 -> Postcode: | C13: =IF(K19="","",K19) -> 8912 AS | D13: =I23 -> Postcode: | F13: =IF(K23="","",K23) -> 27619 | N13: =Toeslagen!L1 -> Uitvoering
B14: =I20 -> Land: | C14: =$K$20 -> NL | D14: =I24 -> Land: | F14: =$K$24 -> DE-Exp | I14: Dieseltoeslag* - maandnummer | J14: =MONTH(C7) -> 6 | K14: 0.24 | L14: Let op! Vul de juiste maand dieseltoeslag in | N14: =Toeslagen!M1 -> Handling
B15: Indicatie laaddag: | C15: =IF(K10=0, "Laaddag niet bekend", K10) -> Laaddag niet bekend | D15: Indicatie losdag: | F15: =IF(K10="Maandag", VLOOKUP(K8, INDIRECT("'" & K7 & "'!A:F"), 6, FALSE), IF(K10="Dinsdag", VLOOKUP(K8, INDIRECT("'" & K7 & "'!A:G"), 7, FALSE), IF(K10="Woensdag", VLOOKUP(K8, INDIRECT("'" & K7 & "'!A:H"), 8, FALSE), IF(K10="Donderdag", VLOOKUP(K8, INDIRECT("'" & K7 & "'!A:I"), 9, FALSE), IF(K10="Vrijdag", VLOOKUP(K8, INDIRECT("'" & K7 & "'!A:J"), 10, FALSE), "Losdag onbekend"))))) -> Losdag onbekend | G15: =IFERROR(VLOOKUP(K8, INDIRECT("'" & K7 & "'!A:E"), 4, FALSE), "") -> 2
B17: Transport tarief | D17: =IFERROR(MAX(INDEX(INDIRECT("'" & K7 & "'!P:EF"), MATCH(Invoer!L11, INDIRECT("'" & K7 & "'!N:N")), Invoer!U24), INDEX(INDIRECT("'" & K7 & "'!P:EF"), MATCH(Invoer!L12, INDIRECT("'" & K7 & "'!O:O"), 0), Invoer!U24)) + O18, "") -> 355.18172 | I17: Locatie laden:
B18: =I14 -> Dieseltoeslag* - maandnummer | C18: =J14 -> 6 | D18: =IFERROR((D17+D21+D22)*E18,"") -> 85.243614 | E18: =K14 -> 0.24 | I18: Plaats: | K18: Leeuwarden
I19: Postcode: | K19: 8912 AS
B20: Extra service | I20: Land: | K20: =IF(Invoer!K7="", "NL", IF(RIGHT(Invoer!K7,4)="-Exp", "NL", VLOOKUP(Invoer!K7, Toeslagen!A:A, 1, FALSE))) -> NL
B21: =N7 -> Klep | D21: =IFERROR(IF(OR(O7=0, VLOOKUP(K7,Toeslagen!A:C, 3, FALSE)=""), 0, MAX(50, MIN(150, SUM(VLOOKUP(K7,Toeslagen!A:C, 3, FALSE)*O7)*D17))), "") -> 0 | I21: Locatie lossen: | N21: Opmerking:
B22: =N8 -> Kooiaap | D22: =IFERROR(VLOOKUP(K7, Toeslagen!A:F, 6, FALSE)*O8, "") -> 0 | I22: Plaats: | K22: Schiffdorf-Sellstedt
B23: =N10 -> ADR | D23: =IFERROR(IF(O10=0, 0, MAX(50, MIN(150, SUM(VLOOKUP(K7, Toeslagen!A:H, 8, FALSE)*O10)*D17))),"") -> 0 | I23: Postcode: | K23: 27619
B24: =N11 -> Documentatie | D24: =IFERROR(VLOOKUP(K7, Toeslagen!A:J, 10, FALSE)*O11, "") -> 0 | I24: Land: | K24: =IF(Invoer!K7="", "NL", IF(RIGHT(Invoer!K7,4)="-Imp", "NL", VLOOKUP(Invoer!K7, Toeslagen!A:A, 1, FALSE))) -> DE-Exp | S24: Zone | T24: =IFERROR(VLOOKUP(K8, INDIRECT("'" & K7 & "'!A:B"), 2, FALSE), "") -> 27 | U24: =IF(ISERROR(MATCH(Invoer!T24, INDIRECT("'" & K7 & "'!P5:EF5"), 0)), "Zone niet gevonden", MATCH(Invoer!T24, INDIRECT("'" & K7 & "'!P5:EF5"), 0)) -> 27
B25: =N12 -> Inklaring | D25: =IFERROR(VLOOKUP(K7, Toeslagen!A:K, 11, FALSE)*O12, "") -> 0
B26: =N13 -> Uitvoering | D26: =IFERROR(VLOOKUP(K7, Toeslagen!A:L, 12, FALSE)*O13, "") -> 0
B27: =N14 -> Handling | D27: =IFERROR(VLOOKUP(K7, Toeslagen!A:M, 13, FALSE)*O14, "") -> 0 | I27: Laadmeter berekening
B28: =IF(P19=0, "", P19) | D28: =IFERROR(IF(OR(D17="", O19=""), "", +O19), "") | I28: Omschrijving | J28: Aantal | K28: Gewicht | L28: Laadmeters | M28: L | N28: B | O28: Btruck | P28: Hmax
B29: =IF(P20=0, "", P20) | D29: =IFERROR(IF(OR(D18="", O20=""), "",D17*O20), "") | I29: Europallets | L29: =SUM( (M29 * N29) / O29)*J29 -> 0 | M29: 1.2 | N29: 0.8 | O29: 2.4 | P29: 2.4
I30: Blokpallets | L30: =SUM( (M30 * N30) / O30)*J30 -> 0 | M30: 1.2 | N30: 1 | O30: 2.4 | P30: 2.4
B31: =N21 -> Opmerking: | C31: =IF(O21=0, "",O21) | I31: Afwijkende maten 1 | J31: 2 | K31: 1500 | L31: =SUM( (M31 * N31) / O31)*J31 -> 2.38825 | M31: 2.33 | N31: 1.23 | O31: 2.4 | P31: 2.4
I32: Afwijkende maten 2 | L32: =SUM( (M32 * N32) / O32)*J32 -> 0 | O32: 2.4 | P32: 2.4
B33: Totaal Transport Tarief (incl. dieseltoeslag) | D33: =SUM(D17:D31) -> 440.42534 | I33: Afwijkende maten 3 | L33: =SUM( (M33 * N33) / O33)*J33 -> 0 | O33: 2.4 | P33: 2.4
B34: * Dieseltoeslag wordt berekent over transporttarief, klep en kooiaap | I34: Afwijkende maten 4 | L34: =SUM( (M34 * N34) / O34)*J34 -> 0 | O34: 2.4 | P34: 2.4
I35: Afwijkende maten 5 | L35: =SUM( (M35 * N35) / O35)*J35 -> 0 | O35: 2.4 | P35: 2.4
B36: De bedragen zijn gebaseerd op de transport aanvraag, bedragen op factuur kunnen hiervan afwijken. | I36: Afwijkende maten 6 | L36: =SUM( (M36 * N36) / O36)*J36 -> 0 | O36: 2.4 | P36: 2.4
B37: De bovenstaande brandstoftoeslag is een voorcalculatie, het werkelijke percentage kan hiervan afwijken. | I37: Afwijkende maten 7 | L37: =SUM( (M37 * N37) / O37)*J37 -> 0 | O37: 2.4 | P37: 2.4
B38: De bovenstaande bedragen zijn exclusief BTW en overige bijkomende kosten (zoals wettelijke verhogingen bv: tol, ETS etc.) | I38: Totaal: | K38: =SUM(J29*K29,J30*K30,J31*K31,J32*K32,J33*K33,J34*K34,J35*K35,J36*K36,J37*K37) -> 3000 | L38: =SUM(L29:L37) -> 2.38825 | M38: =IF(SUM(L29:L37) > 13.6, "Laadmeters meer dan het maximum", "")
B39: Laad- en losadres dient bereikbaar te zijn middels een grote truck- en trailercombinatie (max 40000kg) | M39: =IF(SUM(J29*K29,J30*K30,J31*K31,J32*K32,J33*K33,J34*K34,J35*K35,J36*K36,J37*K37) > 24000, "Gewicht meer dan het maximum", "")
B40: Wachturen (€ 65,- p/u) worden toegepast na 1 uur bij het laden/lossen van 1 t/m 7 LM en na 2 uur bij 7,1 t/m 13,6 LM (FTL).
B41: Let op! Bij feestdagen zijn er afwijkende vertrek- en leverdagen.
B42: Let op! Bij FTL's (13,6 LM) kan mogelijk een seizoenstoeslag worden berekend.
B43: Aan deze tariefsberekening kunnen geen rechten worden ontleend.

Sheet Toeslagen
A1: Landcode | B1: Land | C1: Klep (calc) | D1: Klep | E1: Toelichting | F1: Kooiaap | H1: ADR | I1: Toelichting | J1: Documentatie | K1: Inklaring | L1: Uitvoering | M1: Handling
B2: Nederland | D2: -1 | E2: Geen klep toeslag | F2: 75 | H2: -0.9 | I2: Min. € 50,- / Max. € 150,-
B3: België | D3: 0 | E3: Geen klep toeslag | F3: 75 | H3: 0.1 | I3: Min. € 50,- / Max. € 150,-
B4: Luxemburg | D4: 0 | E4: Geen klep toeslag | F4: 75 | H4: 0.1 | I4: Min. € 50,- / Max. € 150,-
A5: DE-Exp | B5: Duitsland | D5: 0 | E5: Geen klep toeslag | F5: 150 | H5: 0.1 | I5: Min. € 50,- / Max. € 150,-
B6: Oostenrijk | C6: 0.01 | D6: 50 | E6: Min. € 50,- / Max. € 150,- | F6: 150 | H6: 0.1 | I6: Min. € 50,- / Max. € 150,- | Q6: 1
B7: Denemarken | C7: 1 | D7: 150 | E7: Vaste toeslag | F7: 175 | H7: 0.1 | I7: Min. € 50,- / Max. € 150,-
B8: Polen | C8: 0.1 | D8: 0.1 | E8: Min. € 50,- / Max. € 150,- | F8: 200 | H8: 0.1 | I8: Min. € 50,- / Max. € 150,-
B9: Frankrijk | D9: 0 | E9: Geen klep toeslag | F9: 150 | H9: 0.1 | I9: Min. € 50,- / Max. € 150,-
B10: Spanje | C10: 0.01 | D10: 50 | E10: Min. € 50,- / Max. € 150,- | F10: 300 | H10: 0.1 | I10: Min. € 50,- / Max. € 150,- | Q10: 1
B11: Portugal | C11: 0.1 | D11: 0.1 | E11: Min. € 50,- / Max. € 150,- | F11: 350 | H11: 0.1 | I11: Min. € 50,- / Max. € 150,-
B12: United Kingdom | C12: 0.1 | D12: 0.1 | E12: Min. € 50,- / Max. € 150,- | F12: 200 | H12: 0.1 | I12: Min. € 50,- / Max. € 150,- | K12: 75 | L12: 60 | M12: 50
B13: Ierland | E13: Op aanvraag | I13: Op aanvraag
B14: Italië | C14: 0.1 | D14: 0.1 | E14: Min. € 50,- / Max. € 150,- | F14: 0 | H14: 0.1 | I14: Min. € 50,- / Max. € 150,-
B15: Zwitserland | C15: 0.1 | D15: 0.1 | E15: Min. € 50,- / Max. € 150,- | F15: 0 | H15: 0.1 | I15: Min. € 50,- / Max. € 150,- | J15: 100
B16: Zweden | C16: 0.1 | D16: 0.1 | E16: Min. € 50,- / Max. € 150,- | F16: 200 | H16: 0.1 | I16: Min. € 50,- / Max. € 150,-
B17: Finland | C17: 0.1 | D17: 0.1 | E17: Min. € 50,- / Max. € 150,- | F17: 200 | H17: 0.1 | I17: Min. € 50,- / Max. € 150,-
B18: Noorwegen | C18: 0.1 | D18: 0.1 | E18: Min. € 50,- / Max. € 150,- | F18: 200 | H18: 0.1 | I18: Min. € 50,- / Max. € 150,- | J18: 100
B19: Polen | C19: 0.1 | D19: 0.1 | E19: Min. € 50,- / Max. € 150,- | F19: 200 | H19: 0.1 | I19: Min. € 50,- / Max. € 150,-
B20: Tsjechië | C20: 0.1 | D20: 0.1 | E20: Min. € 50,- / Max. € 150,- | F20: 200 | H20: 0.1 | I20: Min. € 50,- / Max. € 150,-
B21: Hongarije | C21: 0.1 | D21: 0.1 | E21: Min. € 50,- / Max. € 150,- | F21: 200 | H21: 0.1 | I21: Min. € 50,- / Max. € 150,-
B22: Slowakije | C22: 0.1 | D22: 0.1 | E22: Min. € 50,- / Max. € 150,- | F22: 200 | H22: 0.1 | I22: Min. € 50,- / Max. € 150,-
B23: Roemenië | C23: 0.1 | D23: 0.1 | E23: Min. € 50,- / Max. € 150,- | F23: 350 | H23: 0.1 | I23: Min. € 50,- / Max. € 150,-
B24: België | D24: 0 | E24: Geen klep toeslag | F24: 75 | H24: 0.1 | I24: Min. € 50,- / Max. € 150,-
B25: Luxemburg | D25: 0 | E25: Geen klep toeslag | F25: 75 | H25: 0.1 | I25: Min. € 50,- / Max. € 150,-
B26: Duitsland | D26: 0 | E26: Geen klep toeslag | F26: 150 | H26: 0.1 | I26: Min. € 50,- / Max. € 150,-
B27: Oostenrijk | C27: 0.01 | D27: 50 | E27: Min. € 50,- / Max. € 150,- | F27: 150 | H27: 0.1 | I27: Min. € 50,- / Max. € 150,-
B28: Denemarken | C28: 0.1 | D28: 150 | E28: Vaste toeslag | F28: 175 | H28: 0.1 | I28: Min. € 50,- / Max. € 150,-
B29: Polen | C29: 0.1 | D29: 0.1 | E29: Min. € 50,- / Max. € 150,- | F29: 200 | H29: 0.1 | I29: Min. € 50,- / Max. € 150,-
B30: Frankrijk | D30: 0 | E30: Geen klep toeslag | F30: 150 | H30: 0.1 | I30: Min. € 50,- / Max. € 150,-
B31: Spanje | C31: 0.01 | D31: 50 | E31: Min. € 50,- / Max. € 150,- | F31: 300 | H31: 0.1 | I31: Min. € 50,- / Max. € 150,-
B32: Portugal | C32: 0.1 | D32: 0.1 | E32: Min. € 50,- / Max. € 150,- | F32: 350 | H32: 0.1 | I32: Min. € 50,- / Max. € 150,-
B33: Italië | C33: 0.1 | D33: 0.1 | E33: Min. € 50,- / Max. € 150,- | F33: 0 | H33: 0.1 | I33: Min. € 50,- / Max. € 150,-
B34: United Kingdom | C34: 0.1 | D34: 0.1 | E34: Min. € 50,- / Max. € 150,- | F34: 200 | H34: 0.1 | I34: Min. € 50,- / Max. € 150,- | K34: 75 | L34: 60 | M34: 50
B35: NL Warehouse | D35: 0 | E35: Geen klep toeslag | F35: 75 | H35: 0.1 | I35: Min. € 50,- / Max. € 150,-
B36: BE Warehouse | D36: 0 | E36: Geen klep toeslag | F36: 75 | H36: 0.1 | I36: Min. € 50,- / Max. € 150,-
E43: Services
E44: 1
E45: 0

Sheet Dieseltoeslag
A1: Staffel dieseltoeslag vanaf 01.01.2026
A3: Brandstofprijs per liter excl. BTW
A5: Vanaf | B5: tot en met | C5: toeslag in %
A6: Per 01-01-26 | B6: 1.442 | C6: 0
A7: 1.443 | B7: 1.482 | C7: 1
A8: 1.483 | B8: 1.522 | C8: 2
A9: 1.523 | B9: 1.562 | C9: 3
A10: 1.563 | B10: 1.602 | C10: 4
A11: 1.603 | B11: 1.642 | C11: 5
A12: 1.643 | B12: 1.682 | C12: 6
A13: 1.683 | B13: 1.722 | C13: 7
A14: 1.723 | B14: 1.762 | C14: 8
A15: 1.763 | B15: 1.802 | C15: 9
A16: 1.803 | B16: 1.842 | C16: 10
A17: 1.843 | B17: 1.882 | C17: 11
A18: 1.883 | B18: 1.922 | C18: 12
... A23: 2.083 | B23: 2.122 | C23: 17
A25: De brandstoftoeslag wordt maandelijks bepaald
A26: Tarieven zijn te volgen via de website:
A27: www.oliecentrale.nl

Sheet BE-Exp
A5: Postcode | B5: Zone | C5: Afstand (km) | D5: Transitdagen | E5: Verste Locatie | F5: Laden Maandag = Lossen | G5: Laden Dinsdag = Lossen | H5: Laden Woensdag = Lossen | I5: Laden Donderdag = Lossen | J5: Laden Vrijdag = Lossen | N5: Laadmeters | O5: Gewicht | Y5: 10 | Z5: 11 | AA5: 12 | AB5: 13 | AC5: 14 | AD5: 15 | AE5: 16 | AF5: 17 | AG5: 18 | AH5: 19 | AI5: 20 | AJ5: 21 | AK5: 22 | AL5: 23 | AM5: 24 | AN5: 25 | AO5: 26 | AQ5: 28 | AR5: 29 | AS5: 30 | AT5: 31 | AU5: 32 | AV5: 33 | AW5: 34 | AX5: 35 | AY5: 36 | AZ5: 37 | BA5: 38 | BB5: 39 | BC5: 40 | BD5: 41 | BE5: 42 | BG5: 44 | BH5: 45 | BI5: 46 | BJ5: 47 | BK5: 48 | BL5: 49 | BM5: 50 | BN5: 51 | BO5: 52 | BP5: 53 | BR5: 55 | BS5: 56 | BW5: 60 | BX5: 61 | CA5: 64 | CB5: 65 | CC5: 66 | CD5: 67 | CE5: 68 | CF5: 69 | CG5: 70 | CH5: 71 | CJ5: 73 | CL5: 75 | CM5: 76 | CN5: 77 | CO5: 78 | CP5: 79 | CQ5: 80 | CS5: 82 | CT5: 83 | CU5: 84 | CV5: 85 | CW5: 86 | CX5: 87 | CY5: 88 | CZ5: 89 | DA5: 90 | DB5: 91 | DC5: 92 | DD5: 93 | DE5: 94 | DF5: 95 | DG5: 96 | DH5: 97 | DI5: 98 | DJ5: 99
A6: 1 | B6: 1 | C6: 700 | N6: 0 | O6: 0 | Y6: Bruxelles | Z6: Bruxelles | AA6: Bruxelles | AB6: Wavre | AC6: Nivelles | AD6: Halle | AE6: Sint-Pieters-Leeuw | AF6: Dilbeek | AG6: Vilvoorde | AH6: Zaventem | AI6: Antwerpen | AJ6: Antwerpen | AK6: Herentals | AL6: Turnhout | AM6: Mol | AN6: Lier | AO6: Antwerpen Berchem | AQ6: Mechelen | AR6: Schoten | AS6: Leuven | AT6: Boortmeerbeek | AU6: Aarschot | AV6: Tienen | AW6: Landen | AX6: Hasselt | AY6: Genk | AZ6: Tongeren | BA6: Sint-Truiden | BB6: Pelt | BC6: Liege | BD6: Seraing | BE6: Hannut | BF6: Waremme | BG6: Flemalle | BH6: Huy | BI6: Visé | BJ6: Eupen | BK6: Verviers | BL6: Spa | BM6: Namur | BN6: Namur | BO6: Namur | BP6: Andenne | BR6: Dinant | BS6: Philippeville | BW6: Charleroi | BX6: Courcelles | BY6: Chatelet | CA6: Chimay | CB6: Beaumont | CC6: Bastogne | CD6: Arlon | CE6: Libramont-Chevigny | CF6: Marche-en-Famenne | CG6: Mons | CH6: La Louviere | CJ6: Boussu | CL6: Tournai | CM6: Peruwelz | CN6: Mouscron | CO6: Ath | CP6: Leuze-en-Hainaut | CQ6: Brugge | CS6: Brugge | CT6: Knokke-Heist | CU6: Oostende | CV6: Kortrijk | CW6: Diksmuide | CX6: Tielt | CY6: Roeselare | CZ6: Ieper | DA6: Gent | DB6: Sint-Niklaas | DC6: Dendermonde | DD6: Aalst | DE6: Ninove | DF6: Geraardsbergen | DG6: Ronse | DH6: Oudenaarde | DI6: Deinze | DJ6: Eeklo
A7: 2 | B7: 2 | C7: 710 | N7: 0.4 | O7: 700 | Y7: ='BE-Exp (O)'!Y7*(1+Toeslagen!$Q$3) -> 139.5264 | Z7: ='BE-Exp (O)'!Z7*(1+Toeslagen!$Q$3) -> 139.5264 | AA7: ='BE-Exp (O)'!AA7*(1+Toeslagen!$Q$3) -> 139.5264 | AB7: ='BE-Exp (O)'!AB7*(1+Toeslagen!$Q$3) -> 156.832 | AC7: ='BE-Exp (O)'!AC7*(1+Toeslagen!$Q$3) -> 156.832 | AD7: ='BE-Exp (O)'!AD7*(1+Toeslagen!$Q$3) -> 139.5264 | AE7: ='BE-Exp (O)'!AE7*(1+Toeslagen!$Q$3) -> 139.5264 | AF7: ='BE-Exp (O)'!AF7*(1+Toeslagen!$Q$3) -> 139.5264 | ... DJ7: ='BE-Exp (O)'!DJ7*(1+Toeslagen!$Q$3) -> 139.5264
A8: 3 | B8: 3 | C8: 720 | N8: 0.5 | O8: 875 | Y8: ='BE-Exp (O)'!Y8*(1+Toeslagen!$Q$3) -> 151.424 | Z8: ='BE-Exp (O)'!Z8*(1+Toeslagen!$Q$3) -> 151.424 | AA8: ='BE-Exp (O)'!AA8*(1+Toeslagen!$Q$3) -> 151.424 | AB8: ='BE-Exp (O)'!AB8*(1+Toeslagen!$Q$3) -> 173.056 | AC8: ='BE-Exp (O)'!AC8*(1+Toeslagen!$Q$3) -> 173.056 | AD8: ='BE-Exp (O)'!AD8*(1+Toeslagen!$Q$3) -> 151.424 | AE8: ='BE-Exp (O)'!AE8*(1+Toeslagen!$Q$3) -> 151.424 | AF8: ='BE-Exp (O)'!AF8*(1+Toeslagen!$Q$3) -> 151.424 | ... DJ8: ='BE-Exp (O)'!DJ8*(1+Toeslagen!$Q$3) -> 151.424
A9: 4 | B9: 4 | C9: 730 | N9: 0.8 | O9: 1400 | Y9: ='BE-Exp (O)'!Y9*(1+Toeslagen!$Q$3) -> 178.464 | Z9: ='BE-Exp (O)'!Z9*(1+Toeslagen!$Q$3) -> 178.464 | AA9: ='BE-Exp (O)'!AA9*(1+Toeslagen!$Q$3) -> 178.464 | AB9: ='BE-Exp (O)'!AB9*(1+Toeslagen!$Q$3) -> 194.42842 | AC9: ='BE-Exp (O)'!AC9*(1+Toeslagen!$Q$3) -> 194.42842 | AD9: ='BE-Exp (O)'!AD9*(1+Toeslagen!$Q$3) -> 178.464 | AE9: ='BE-Exp (O)'!AE9*(1+Toeslagen!$Q$3) -> 178.464 | AF9: ='BE-Exp (O)'!AF9*(1+Toeslagen!$Q$3) -> 178.464 | ... DJ9: ='BE-Exp (O)'!DJ9*(1+Toeslagen!$Q$3) -> 178.464
A10: 6 | B10: 6 | C10: 630 | N10: 1 | O10: 1750 | Y10: ='BE-Exp (O)'!Y10*(1+Toeslagen!$Q$3) -> 183.872 | Z10: ='BE-Exp (O)'!Z10*(1+Toeslagen!$Q$3) -> 183.872 | AA10: ='BE-Exp (O)'!AA10*(1+Toeslagen!$Q$3) -> 183.872 | AB10: ='BE-Exp (O)'!AB10*(1+Toeslagen!$Q$3) -> 212.65608 | AC10: ='BE-Exp (O)'!AC10*(1+Toeslagen!$Q$3) -> 212.65608 | AD10: ='BE-Exp (O)'!AD10*(1+Toeslagen!$Q$3) -> 183.872 | AE10: ='BE-Exp (O)'!AE10*(1+Toeslagen!$Q$3) -> 183.872 | AF10: ='BE-Exp (O)'!AF10*(1+Toeslagen!$Q$3) -> 183.872 | ... DJ10: ='BE-Exp (O)'!DJ10*(1+Toeslagen!$Q$3) -> 183.872
A11: 7 | B11: 7 | C11: 700 | N11: 1.2 | O11: 2100 | Y11: ='BE-Exp (O)'!Y11*(1+Toeslagen!$Q$3) -> 192.5248 | Z11: ='BE-Exp (O)'!Z11*(1+Toeslagen!$Q$3) -> 192.5248 | AA11: ='BE-Exp (O)'!AA11*(1+Toeslagen!$Q$3) -> 192.5248 | AB11: ='BE-Exp (O)'!AB11*(1+Toeslagen!$Q$3) -> 228.09157 | AC11: ='BE-Exp (O)'!AC11*(1+Toeslagen!$Q$3) -> 228.09157 | AD11: ='BE-Exp (O)'!AD11*(1+Toeslagen!$Q$3) -> 192.5248 | AE11: ='BE-Exp (O)'!AE11*(1+Toeslagen!$Q$3) -> 192.5248 | AF11: ='BE-Exp (O)'!AF11*(1+Toeslagen!$Q$3) -> 192.5248 | ... DJ11: ='BE-Exp (O)'!DJ11*(1+Toeslagen!$Q$3) -> 192.5248
A12: 8 | B12: 8 | C12: 630 | N12: 1.5 | O12: 2625 | Y12: ='BE-Exp (O)'!Y12*(1+Toeslagen!$Q$3) -> 210.912 | Z12: ='BE-Exp (O)'!Z12*(1+Toeslagen!$Q$3) -> 210.912 | AA12: ='BE-Exp (O)'!AA12*(1+Toeslagen!$Q$3) -> 210.912 | AB12: ='BE-Exp (O)'!AB12*(1+Toeslagen!$Q$3) -> 245.63708 | AC12: ='BE-Exp (O)'!AC12*(1+Toeslagen!$Q$3) -> 245.63708 | AD12: ='BE-Exp (O)'!AD12*(1+Toeslagen!$Q$3) -> 210.912 | AE12: ='BE-Exp (O)'!AE12*(1+Toeslagen!$Q$3) -> 210.912 | AF12: ='BE-Exp (O)'!AF12*(1+Toeslagen!$Q$3) -> 210.912 | ... DJ12: ='BE-Exp (O)'!DJ12*(1+Toeslagen!$Q$3) -> 210.912
A13: 9 | B13: 9 | C13: 700 | N13: 1.6 | O13: 2800 | Y13: ='BE-Exp (O)'!Y13*(1+Toeslagen!$Q$3) -> 224.9728 | Z13: ='BE-Exp (O)'!Z13*(1+Toeslagen!$Q$3) -> 224.9728 | AA13: ='BE-Exp (O)'!AA13*(1+Toeslagen!$Q$3) -> 224.9728 | AB13: ='BE-Exp (O)'!AB13*(1+Toeslagen!$Q$3) -> 263.18258 | AC13: ='BE-Exp (O)'!AC13*(1+Toeslagen!$Q$3) -> 263.18258 | AD13: ='BE-Exp (O)'!AD13*(1+Toeslagen!$Q$3) -> 224.9728 | AE13: ='BE-Exp (O)'!AE13*(1+Toeslagen!$Q$3) -> 224.9728 | AF13: ='BE-Exp (O)'!AF13*(1+Toeslagen!$Q$3) -> 224.9728 | ... DJ13: ='BE-Exp (O)'!DJ13*(1+Toeslagen!$Q$3) -> 224.9728
A14: 10 | B14: 10 | C14: 470 | D14: 2 | F14: Woensdag | G14: Donderdag | H14: Vrijdag | I14: Maandag | J14: Dinsdag | N14: 2 | O14: 3500 | Y14: ='BE-Exp (O)'!Y14*(1+Toeslagen!$Q$3) -> 243.36 | Z14: ='BE-Exp (O)'!Z14*(1+Toeslagen!$Q$3) -> 243.36 | AA14: ='BE-Exp (O)'!AA14*(1+Toeslagen!$Q$3) -> 243.36 | AB14: ='BE-Exp (O)'!AB14*(1+Toeslagen!$Q$3) -> 280.72809 | AC14: ='BE-Exp (O)'!AC14*(1+Toeslagen!$Q$3) -> 280.72809 | AD14: ='BE-Exp (O)'!AD14*(1+Toeslagen!$Q$3) -> 243.36 | AE14: ='BE-Exp (O)'!AE14*(1+Toeslagen!$Q$3) -> 243.36 | AF14: ='BE-Exp (O)'!AF14*(1+Toeslagen!$Q$3) -> 243.36 | ... DJ14: ='BE-Exp (O)'!DJ14*(1+Toeslagen!$Q$3) -> 243.36
A15: 11 | B15: 11 | C15: 340 | D15: 2 | F15: Woensdag | G15: Donderdag | H15: Vrijdag | I15: Maandag | J15: Dinsdag | N15: 2.4 | O15: 4200 | Y15: ='BE-Exp (O)'!Y15*(1+Toeslagen!$Q$3) -> 268.66944 | Z15: ='BE-Exp (O)'!Z15*(1+Toeslagen!$Q$3) -> 268.66944 | AA15: ='BE-Exp (O)'!AA15*(1+Toeslagen!$Q$3) -> 268.66944 | AB15: ='BE-Exp (O)'!AB15*(1+Toeslagen!$Q$3) -> 298.27359 | AC15: ='BE-Exp (O)'!AC15*(1+Toeslagen!$Q$3) -> 298.27359 | AD15: ='BE-Exp (O)'!AD15*(1+Toeslagen!$Q$3) -> 268.66944 | AE15: ='BE-Exp (O)'!AE15*(1+Toeslagen!$Q$3) -> 268.66944 | AF15: ='BE-Exp (O)'!AF15*(1+Toeslagen!$Q$3) -> 268.66944 | ... DJ15: ='BE-Exp (O)'!DJ15*(1+Toeslagen!$Q$3) -> 268.66944
A16: 12 | B16: 12 | C16: 640 | D16: 2 | F16: Woensdag | G16: Donderdag | H16: Vrijdag | I16: Maandag | J16: Dinsdag | N16: 2.5 | O16: 4375 | Y16: ='BE-Exp (O)'!Y16*(1+Toeslagen!$Q$3) -> 273.86112 | Z16: ='BE-Exp (O)'!Z16*(1+Toeslagen!$Q$3) -> 273.86112 | AA16: ='BE-Exp (O)'!AA16*(1+Toeslagen!$Q$3) -> 273.86112 | AB16: ='BE-Exp (O)'!AB16*(1+Toeslagen!$Q$3) -> 315.8191 | AC16: ='BE-Exp (O)'!AC16*(1+Toeslagen!$Q$3) -> 315.8191 | AD16: ='BE-Exp (O)'!AD16*(1+Toeslagen!$Q$3) -> 273.86112 | AE16: ='BE-Exp (O)'!AE16*(1+Toeslagen!$Q$3) -> 273.86112 | AF16: ='BE-Exp (O)'!AF16*(1+Toeslagen!$Q$3) -> 273.86112 | ... DJ16: ='BE-Exp (O)'!DJ16*(1+Toeslagen!$Q$3) -> 273.86112
A17: 13 | B17: 13 | C17: 670 | D17: 2 | F17: Woensdag | G17: Donderdag | H17: Vrijdag | I17: Maandag | J17: Dinsdag | N17: 2.8 | O17: 4900 | Y17: ='BE-Exp (O)'!Y17*(1+Toeslagen!$Q$3) -> 290.73408 | Z17: ='BE-Exp (O)'!Z17*(1+Toeslagen!$Q$3) -> 290.73408 | AA17: ='BE-Exp (O)'!AA17*(1+Toeslagen!$Q$3) -> 290.73408 | AB17: ='BE-Exp (O)'!AB17*(1+Toeslagen!$Q$3) -> 333.3646 | AC17: ='BE-Exp (O)'!AC17*(1+Toeslagen!$Q$3) -> 333.3646 | AD17: ='BE-Exp (O)'!AD17*(1+Toeslagen!$Q$3) -> 290.73408 | AE17: ='BE-Exp (O)'!AE17*(1+Toeslagen!$Q$3) -> 290.73408 | AF17: ='BE-Exp (O)'!AF17*(1+Toeslagen!$Q$3) -> 290.73408 | ... DJ17: ='BE-Exp (O)'!DJ17*(1+Toeslagen!$Q$3) -> 290.73408
A18: 14 | B18: 14 | C18: 720 | D18: 2 | F18: Woensdag | G18: Donderdag | H18: Vrijdag | I18: Maandag | J18: Dinsdag | N18: 3 | O18: 5250 | Y18: ='BE-Exp (O)'!Y18*(1+Toeslagen!$Q$3) -> 303.71328 | Z18: ='BE-Exp (O)'!Z18*(1+Toeslagen!$Q$3) -> 303.71328 | AA18: ='BE-Exp (O)'!AA18*(1+Toeslagen!$Q$3) -> 303.71328 | AB18: ='BE-Exp (O)'!AB18*(1+Toeslagen!$Q$3) -> 350.91011 | AC18: ='BE-Exp (O)'!AC18*(1+Toeslagen!$Q$3) -> 350.91011 | AD18: ='BE-Exp (O)'!AD18*(1+Toeslagen!$Q$3) -> 303.71328 | AE18: ='BE-Exp (O)'!AE18*(1+Toeslagen!$Q$3) -> 303.71328 | AF18: ='BE-Exp (O)'!AF18*(1+Toeslagen!$Q$3) -> 303.71328 | ... DJ18: ='BE-Exp (O)'!DJ18*(1+Toeslagen!$Q$3) -> 303.71328
A19: 15 | B19: 15 | C19: 640 | D19: 2 | F19: Woensdag | G19: Donderdag | H19: Vrijdag | I19: Maandag | J19: Dinsdag | N19: 3.2 | O19: 5600 | Y19: ='BE-Exp (O)'!Y19*(1+Toeslagen!$Q$3) -> 315.39456 | Z19: ='BE-Exp (O)'!Z19*(1+Toeslagen!$Q$3) -> 315.39456 | AA19: ='BE-Exp (O)'!AA19*(1+Toeslagen!$Q$3) -> 315.39456 | AB19: ='BE-Exp (O)'!AB19*(1+Toeslagen!$Q$3) -> 368.45562 | AC19: ='BE-Exp (O)'!AC19*(1+Toeslagen!$Q$3) -> 368.45562 | AD19: ='BE-Exp (O)'!AD19*(1+Toeslagen!$Q$3) -> 315.39456 | AE19: ='BE-Exp (O)'!AE19*(1+Toeslagen!$Q$3) -> 315.39456 | AF19: ='BE-Exp (O)'!AF19*(1+Toeslagen!$Q$3) -> 315.39456 | ... DJ19: ='BE-Exp (O)'!DJ19*(1+Toeslagen!$Q$3) -> 315.39456
A20: 16 | B20: 16 | C20: 670 | D20: 2 | F20: Woensdag | G20: Donderdag | H20: Vrijdag | I20: Maandag | J20: Dinsdag | N20: 3.5 | O20: 6125 | Y20: ='BE-Exp (O)'!Y20*(1+Toeslagen!$Q$3) -> 332.26752 | Z20: ='BE-Exp (O)'!Z20*(1+Toeslagen!$Q$3) -> 332.26752 | AA20: ='BE-Exp (O)'!AA20*(1+Toeslagen!$Q$3) -> 332.26752 | AB20: ='BE-Exp (O)'!AB20*(1+Toeslagen!$Q$3) -> 386.00112 | AC20: ='BE-Exp (O)'!AC20*(1+Toeslagen!$Q$3) -> 386.00112 | AD20: ='BE-Exp (O)'!AD20*(1+Toeslagen!$Q$3) -> 332.26752 | AE20: ='BE-Exp (O)'!AE20*(1+Toeslagen!$Q$3) -> 332.26752 | AF20: ='BE-Exp (O)'!AF20*(1+Toeslagen!$Q$3) -> 332.26752 | ... DJ20: ='BE-Exp (O)'!DJ20*(1+Toeslagen!$Q$3) -> 332.26752
A21: 17 | B21: 17 | C21: 720 | D21: 2 | F21: Woensdag | G21: Donderdag | H21: Vrijdag | I21: Maandag | J21: Dinsdag | N21: 3.6 | O21: 6300 | Y21: ='BE-Exp (O)'!Y21*(1+Toeslagen!$Q$3) -> 338.75712 | Z21: ='BE-Exp (O)'!Z21*(1+Toeslagen!$Q$3) -> 338.75712 | AA21: ='BE-Exp (O)'!AA21*(1+Toeslagen!$Q$3) -> 338.75712 | AB21: ='BE-Exp (O)'!AB21*(1+Toeslagen!$Q$3) -> 403.54663 | AC21: ='BE-Exp (O)'!AC21*(1+Toeslagen!$Q$3) -> 403.54663 | AD21: ='BE-Exp (O)'!AD21*(1+Toeslagen!$Q$3) -> 338.75712 | AE21: ='BE-Exp (O)'!AE21*(1+Toeslagen!$Q$3) -> 338.75712 | AF21: ='BE-Exp (O)'!AF21*(1+Toeslagen!$Q$3) -> 338.75712 | ... DJ21: ='BE-Exp (O)'!DJ21*(1+Toeslagen!$Q$3) -> 338.75712
A22: 18 | B22: 18 | C22: 730 | D22: 2 | F22: Woensdag | G22: Donderdag | H22: Vrijdag | I22: Maandag | J22: Dinsdag | N22: 4 | O22: 7000 | Y22: ='BE-Exp (O)'!Y22*(1+Toeslagen!$Q$3) -> 363.4176 | Z22: ='BE-Exp (O)'!Z22*(1+Toeslagen!$Q$3) -> 363.4176 | AA22: ='BE-Exp (O)'!AA22*(1+Toeslagen!$Q$3) -> 363.4176 | AB22: ='BE-Exp (O)'!AB22*(1+Toeslagen!$Q$3) -> 421.09213 | AC22: ='BE-Exp (O)'!AC22*(1+Toeslagen!$Q$3) -> 421.09213 | AD22: ='BE-Exp (O)'!AD22*(1+Toeslagen!$Q$3) -> 363.4176 | AE22: ='BE-Exp (O)'!AE22*(1+Toeslagen!$Q$3) -> 363.4176 | AF22: ='BE-Exp (O)'!AF22*(1+Toeslagen!$Q$3) -> 363.4176 | ... DJ22: ='BE-Exp (O)'!DJ22*(1+Toeslagen!$Q$3) -> 363.4176
A23: 19 | B23: 19 | C23: 730 | D23: 2 | F23: Woensdag | G23: Donderdag | H23: Vrijdag | I23: Maandag | J23: Dinsdag | N23: 4.4 | O23: 7700 | Y23: ='BE-Exp (O)'!Y23*(1+Toeslagen!$Q$3) -> 385.48224 | Z23: ='BE-Exp (O)'!Z23*(1+Toeslagen!$Q$3) -> 385.48224 | AA23: ='BE-Exp (O)'!AA23*(1+Toeslagen!$Q$3) -> 385.48224 | AB23: ='BE-Exp (O)'!AB23*(1+Toeslagen!$Q$3) -> 438.63764 | AC23: ='BE-Exp (O)'!AC23*(1+Toeslagen!$Q$3) -> 438.63764 | AD23: ='BE-Exp (O)'!AD23*(1+Toeslagen!$Q$3) -> 385.48224 | AE23: ='BE-Exp (O)'!AE23*(1+Toeslagen!$Q$3) -> 385.48224 | AF23: ='BE-Exp (O)'!AF23*(1+Toeslagen!$Q$3) -> 385.48224 | ... DJ23: ='BE-Exp (O)'!DJ23*(1+Toeslagen!$Q$3) -> 385.48224
A24: 20 | B24: 20 | C24: 510 | D24: 2 | F24: Woensdag | G24: Donderdag | H24: Vrijdag | I24: Maandag | J24: Dinsdag | N24: 4.5 | O24: 7875 | Y24: ='BE-Exp (O)'!Y24*(1+Toeslagen!$Q$3) -> 390.67392 | Z24: ='BE-Exp (O)'!Z24*(1+Toeslagen!$Q$3) -> 390.67392 | AA24: ='BE-Exp (O)'!AA24*(1+Toeslagen!$Q$3) -> 390.67392 | AB24: ='BE-Exp (O)'!AB24*(1+Toeslagen!$Q$3) -> 456.18314 | AC24: ='BE-Exp (O)'!AC24*(1+Toeslagen!$Q$3) -> 456.18314 | AD24: ='BE-Exp (O)'!AD24*(1+Toeslagen!$Q$3) -> 390.67392 | AE24: ='BE-Exp (O)'!AE24*(1+Toeslagen!$Q$3) -> 390.67392 | AF24: ='BE-Exp (O)'!AF24*(1+Toeslagen!$Q$3) -> 390.67392 | ... DJ24: ='BE-Exp (O)'!DJ24*(1+Toeslagen!$Q$3) -> 390.67392
A25: 21 | B25: 21 | C25: 520 | D25: 2 | F25: Woensdag | G25: Donderdag | H25: Vrijdag | I25: Maandag | J25: Dinsdag | N25: 4.8 | O25: 8400 | Y25: ='BE-Exp (O)'!Y25*(1+Toeslagen!$Q$3) -> 406.24896 | Z25: ='BE-Exp (O)'!Z25*(1+Toeslagen!$Q$3) -> 406.24896 | AA25: ='BE-Exp (O)'!AA25*(1+Toeslagen!$Q$3) -> 406.24896 | AB25: ='BE-Exp (O)'!AB25*(1+Toeslagen!$Q$3) -> 473.72865 | AC25: ='BE-Exp (O)'!AC25*(1+Toeslagen!$Q$3) -> 473.72865 | AD25: ='BE-Exp (O)'!AD25*(1+Toeslagen!$Q$3) -> 406.24896 | AE25: ='BE-Exp (O)'!AE25*(1+Toeslagen!$Q$3) -> 406.24896 | AF25: ='BE-Exp (O)'!AF25*(1+Toeslagen!$Q$3) -> 406.24896 | ... DJ25: ='BE-Exp (O)'!DJ25*(1+Toeslagen!$Q$3) -> 406.24896
... A58: 55 | B58: 55 | C58: 410 | D58: 2 | F58: Woensdag | G58: Donderdag | H58: Vrijdag | I58: Maandag | J58: Dinsdag | N58: 13.6 | O58: 25000 | Y58: ='BE-Exp (O)'!Y58*(1+Toeslagen!$Q$3) -> 703.04 | Z58: ='BE-Exp (O)'!Z58*(1+Toeslagen!$Q$3) -> 703.04 | AA58: ='BE-Exp (O)'!AA58*(1+Toeslagen!$Q$3) -> 703.04 | AB58: ='BE-Exp (O)'!AB58*(1+Toeslagen!$Q$3) -> 751.712 | AC58: ='BE-Exp (O)'!AC58*(1+Toeslagen!$Q$3) -> 751.712 | AD58: ='BE-Exp (O)'!AD58*(1+Toeslagen!$Q$3) -> 703.04 | AE58: ='BE-Exp (O)'!AE58*(1+Toeslagen!$Q$3) -> 703.04 | AF58: ='BE-Exp (O)'!AF58*(1+Toeslagen!$Q$3) -> 703.04 | ... DJ58: ='BE-Exp (O)'!DJ58*(1+Toeslagen!$Q$3) -> 665.83296
A59: 56 | B59: 56 | C59: 420 | D59: 2 | F59: Woensdag | G59: Donderdag | H59: Vrijdag | I59: Maandag | J59: Dinsdag
A60: 57 | B60: 57 | C60: 250 | D60: 2 | F60: Woensdag | G60: Donderdag | H60: Vrijdag | I60: Maandag | J60: Dinsdag
A61: 58 | B61: 58 | C61: 200 | D61: 2 | F61: Woensdag | G61: Donderdag | H61: Vrijdag | I61: Maandag | J61: Dinsdag
A62: 59 | B62: 59 | C62: 230 | D62: 2 | F62: Woensdag | G62: Donderdag | H62: Vrijdag | I62: Maandag | J62: Dinsdag
A63: 60 | B63: 60 | C63: 430 | D63: 2 | F63: Woensdag | G63: Donderdag | H63: Vrijdag | I63: Maandag | J63: Dinsdag
A64: 61 | B64: 61 | C64: 450 | D64: 2 | F64: Woensdag | G64: Donderdag | H64: Vrijdag | I64: Maandag | J64: Dinsdag
A65: 63 | B65: 63 | C65: 530 | D65: 2 | F65: Woensdag | G65: Donderdag | H65: Vrijdag | I65: Maandag | J65: Dinsdag
A66: 64 | B66: 64 | C66: 440 | D66: 2 | F66: Woensdag | G66: Donderdag | H66: Vrijdag | I66: Maandag | J66: Dinsdag
A67: 65 | B67: 65 | C67: 530 | D67: 2 | F67: Woensdag | G67: Donderdag | H67: Vrijdag | I67: Maandag | J67: Dinsdag
A68: 66 | B68: 66 | C68: 600 | D68: 2 | F68: Woensdag | G68: Donderdag | H68: Vrijdag | I68: Maandag | J68: Dinsdag
A69: 67 | B69: 67 | C69: 530 | D69: 2 | F69: Woensdag | G69: Donderdag | H69: Vrijdag | I69: Maandag | J69: Dinsdag
A70: 68 | B70: 68 | C70: 640 | D70: 2 | F70: Woensdag | G70: Donderdag | H70: Vrijdag | I70: Maandag | J70: Dinsdag
... A100: 99 | B100: 99 | C100: 680 | D100: 2 | F100: Woensdag | G100: Donderdag | H100: Vrijdag | I100: Maandag | J100: Dinsdag

Sheet BE-Exp (O)
A5: Postcode | B5: Zone | C5: Afstand (km) | D5: Transitdagen | E5: Verste Locatie | F5: Laden Maandag = Lossen | G5: Laden Dinsdag = Lossen | H5: Laden Woensdag = Lossen | I5: Laden Donderdag = Lossen | J5: Laden Vrijdag = Lossen | N5: Laadmeters | O5: Gewicht | Y5: 10 | Z5: 11 | AA5: 12 | AB5: 13 | AC5: 14 | AD5: 15 | AE5: 16 | AF5: 17 | AG5: 18 | AH5: 19 | AI5: 20 | AJ5: 21 | AK5: 22 | AL5: 23 | AM5: 24 | AN5: 25 | AO5: 26 | AQ5: 28 | AR5: 29 | AS5: 30 | AT5: 31 | AU5: 32 | AV5: 33 | AW5: 34 | AX5: 35 | AY5: 36 | AZ5: 37 | BA5: 38 | BB5: 39 | BC5: 40 | BD5: 41 | BE5: 42 | BG5: 44 | BH5: 45 | BI5: 46 | BJ5: 47 | BK5: 48 | BL5: 49 | BM5: 50 | BN5: 51 | BO5: 52 | BP5: 53 | BR5: 55 | BS5: 56 | BW5: 60 | BX5: 61 | CA5: 64 | CB5: 65 | CC5: 66 | CD5: 67 | CE5: 68 | CF5: 69 | CG5: 70 | CH5: 71 | CJ5: 73 | CL5: 75 | CM5: 76 | CN5: 77 | CO5: 78 | CP5: 79 | CQ5: 80 | CS5: 82 | CT5: 83 | CU5: 84 | CV5: 85 | CW5: 86 | CX5: 87 | CY5: 88 | CZ5: 89 | DA5: 90 | DB5: 91 | DC5: 92 | DD5: 93 | DE5: 94 | DF5: 95 | DG5: 96 | DH5: 97 | DI5: 98 | DJ5: 99
A6: 1 | B6: 1 | C6: 700 | N6: 0 | O6: 0 | Y6: Bruxelles | Z6: Bruxelles | AA6: Bruxelles | AB6: Wavre | AC6: Nivelles | AD6: Halle | AE6: Sint-Pieters-Leeuw | AF6: Dilbeek | AG6: Vilvoorde | AH6: Zaventem | AI6: Antwerpen | AJ6: Antwerpen | AK6: Herentals | AL6: Turnhout | AM6: Mol | AN6: Lier | AO6: Antwerpen Berchem | AQ6: Mechelen | AR6: Schoten | AS6: Leuven | AT6: Boortmeerbeek | AU6: Aarschot | AV6: Tienen | AW6: Landen | AX6: Hasselt | AY6: Genk | AZ6: Tongeren | BA6: Sint-Truiden | BB6: Pelt | BC6: Liege | BD6: Seraing | BE6: Hannut | BF6: Waremme | BG6: Flemalle | BH6: Huy | BI6: Visé | BJ6: Eupen | BK6: Verviers | BL6: Spa | BM6: Namur | BN6: Namur | BO6: Namur | BP6: Andenne | BR6: Dinant | BS6: Philippeville | BW6: Charleroi | BX6: Courcelles | BY6: Chatelet | CA6: Chimay | CB6: Beaumont | CC6: Bastogne | CD6: Arlon | CE6: Libramont-Chevigny | CF6: Marche-en-Famenne | CG6: Mons | CH6: La Louviere | CJ6: Boussu | CL6: Tournai | CM6: Peruwelz | CN6: Mouscron | CO6: Ath | CP6: Leuze-en-Hainaut | CQ6: Brugge | CS6: Brugge | CT6: Knokke-Heist | CU6: Oostende | CV6: Kortrijk | CW6: Diksmuide | CX6: Tielt | CY6: Roeselare | CZ6: Ieper | DA6: Gent | DB6: Sint-Niklaas | DC6: Dendermonde | DD6: Aalst | DE6: Ninove | DF6: Geraardsbergen | DG6: Ronse | DH6: Oudenaarde | DI6: Deinze | DJ6: Eeklo
A7: 2 | B7: 2 | C7: 710 | N7: 0.4 | O7: 700 | Y7: 139.5264 | Z7: 139.5264 | AA7: 139.5264 | AB7: 156.832 | AC7: 156.832 | AD7: 139.5264 | AE7: 139.5264 | AF7: 139.5264 | AG7: 139.5264 | AH7: 139.5264 | AI7: 139.5264 | AJ7: 139.5264 | AK7: 139.5264 | AL7: 139.5264 | AM7: 139.5264 | AN7: 139.5264 | AO7: 139.5264 | AQ7: 139.5264 | AR7: 139.5264 | AS7: 139.5264 | AT7: 139.5264 | AU7: 139.5264 | AV7: 139.5264 | AW7: 139.5264 | AX7: 139.5264 | AY7: 139.5264 | AZ7: 139.5264 | BA7: 139.5264 | BB7: 139.5264 | BC7: 173.056 | BD7: 173.056 | BE7: 173.056 | BF7: 173.056 | BG7: 173.056 | BH7: 173.056 | BI7: 173.056 | BJ7: 173.056 | BK7: 173.056 | BL7: 173.056 | BM7: 173.056 | BN7: 173.056 | BO7: 173.056 | BP7: 173.056 | BR7: 173.056 | BS7: 173.056 | BW7: 173.056 | BX7: 173.056 | BY7: 173.056 | CA7: 173.056 | CB7: 173.056 | CC7: 189.28 | CD7: 189.28 | CE7: 189.28 | CF7: 189.28 | CG7: 173.056 | CH7: 173.056 | CJ7: 173.056 | CL7: 173.056 | CM7: 173.056 | CN7: 173.056 | CO7: 173.056 | CP7: 173.056 | CQ7: 169.8112 | CS7: 169.8112 | CT7: 169.8112 | CU7: 169.8112 | CV7: 169.8112 | CW7: 169.8112 | CX7: 169.8112 | CY7: 169.8112 | CZ7: 169.8112 | DA7: 139.5264 | DB7: 139.5264 | DC7: 139.5264 | DD7: 139.5264 | DE7: 139.5264 | DF7: 139.5264 | DG7: 139.5264 | DH7: 139.5264 | DI7: 139.5264 | DJ7: 139.5264
A8: 3 | B8: 3 | C8: 720 | N8: 0.5 | O8: 875 | Y8: 151.424 | Z8: 151.424 | AA8: 151.424 | AB8: 173.056 | AC8: 173.056 | AD8: 151.424 | AE8: 151.424 | AF8: 151.424 | AG8: 151.424 | AH8: 151.424 | AI8: 151.424 | AJ8: 151.424 | AK8: 151.424 | AL8: 151.424 | AM8: 151.424 | AN8: 151.424 | AO8: 151.424 | AQ8: 151.424 | AR8: 151.424 | AS8: 151.424 | AT8: 151.424 | AU8: 151.424 | AV8: 151.424 | AW8: 151.424 | AX8: 151.424 | AY8: 151.424 | AZ8: 151.424 | BA8: 151.424 | BB8: 151.424 | BC8: 188.35253 | BD8: 188.35253 | BE8: 188.35253 | BF8: 188.35253 | BG8: 188.35253 | BH8: 188.35253 | BI8: 188.35253 | BJ8: 188.35253 | BK8: 188.35253 | BL8: 188.35253 | BM8: 188.35253 | BN8: 188.35253 | BO8: 188.35253 | BP8: 188.35253 | BR8: 188.35253 | BS8: 188.35253 | BW8: 188.35253 | BX8: 188.35253 | BY8: 188.35253 | CA8: 188.35253 | CB8: 188.35253 | CC8: 216.9092 | CD8: 216.9092 | CE8: 216.9092 | CF8: 216.9092 | CG8: 188.35253 | CH8: 188.35253 | CJ8: 188.35253 | CL8: 188.35253 | CM8: 188.35253 | CN8: 188.35253 | CO8: 188.35253 | CP8: 188.35253 | CQ8: 177.3824 | CS8: 177.3824 | CT8: 177.3824 | CU8: 177.3824 | CV8: 177.3824 | CW8: 177.3824 | CX8: 177.3824 | CY8: 177.3824 | CZ8: 177.3824 | DA8: 151.424 | DB8: 151.424 | DC8: 151.424 | DD8: 151.424 | DE8: 151.424 | DF8: 151.424 | DG8: 151.424 | DH8: 151.424 | DI8: 151.424 | DJ8: 151.424
A9: 4 | B9: 4 | C9: 730 | N9: 0.8 | O9: 1400 | Y9: 178.464 | Z9: 178.464 | AA9: 178.464 | AB9: 194.42842 | AC9: 194.42842 | AD9: 178.464 | AE9: 178.464 | AF9: 178.464 | AG9: 178.464 | AH9: 178.464 | AI9: 178.464 | AJ9: 178.464 | AK9: 178.464 | AL9: 178.464 | AM9: 178.464 | AN9: 178.464 | AO9: 178.464 | AQ9: 178.464 | AR9: 178.464 | AS9: 178.464 | AT9: 178.464 | AU9: 178.464 | AV9: 178.464 | AW9: 178.464 | AX9: 178.464 | AY9: 178.464 | AZ9: 178.464 | BA9: 178.464 | BB9: 178.464 | BC9: 206.58019 | BD9: 206.58019 | BE9: 206.58019 | BF9: 206.58019 | BG9: 206.58019 | BH9: 206.58019 | BI9: 206.58019 | BJ9: 206.58019 | BK9: 206.58019 | BL9: 206.58019 | BM9: 206.58019 | BN9: 206.58019 | BO9: 206.58019 | BP9: 206.58019 | BR9: 206.58019 | BS9: 206.58019 | BW9: 206.58019 | BX9: 206.58019 | BY9: 206.58019 | CA9: 206.58019 | CB9: 206.58019 | CC9: 236.04825 | CD9: 236.04825 | CE9: 236.04825 | CF9: 236.04825 | CG9: 206.58019 | CH9: 206.58019 | CJ9: 206.58019 | CL9: 206.58019 | CM9: 206.58019 | CN9: 206.58019 | CO9: 206.58019 | CP9: 206.58019 | CQ9: 195.7696 | CS9: 195.7696 | CT9: 195.7696 | CU9: 195.7696 | CV9: 195.7696 | CW9: 195.7696 | CX9: 195.7696 | CY9: 195.7696 | CZ9: 195.7696 | DA9: 178.464 | DB9: 178.464 | DC9: 178.464 | DD9: 178.464 | DE9: 178.464 | DF9: 178.464 | DG9: 178.464 | DH9: 178.464 | DI9: 178.464 | DJ9: 178.464
A10: 6 | B10: 6 | C10: 630 | N10: 1 | O10: 1750 | Y10: 183.872 | Z10: 183.872 | AA10: 183.872 | AB10: 212.65608 | AC10: 212.65608 | AD10: 183.872 | AE10: 183.872 | AF10: 183.872 | AG10: 183.872 | AH10: 183.872 | AI10: 183.872 | AJ10: 183.872 | AK10: 183.872 | AL10: 183.872 | AM10: 183.872 | AN10: 183.872 | AO10: 183.872 | AQ10: 183.872 | AR10: 183.872 | AS10: 183.872 | AT10: 183.872 | AU10: 183.872 | AV10: 183.872 | AW10: 183.872 | AX10: 183.872 | AY10: 183.872 | AZ10: 183.872 | BA10: 183.872 | BB10: 183.872 | BC10: 224.80786 | BD10: 224.80786 | BE10: 224.80786 | BF10: 224.80786 | BG10: 224.80786 | BH10: 224.80786 | BI10: 224.80786 | BJ10: 224.80786 | BK10: 224.80786 | BL10: 224.80786 | BM10: 224.80786 | BN10: 224.80786 | BO10: 224.80786 | BP10: 224.80786 | BR10: 224.80786 | BS10: 224.80786 | BW10: 224.80786 | BX10: 224.80786 | BY10: 224.80786 | CA10: 224.80786 | CB10: 224.80786 | CC10: 248.80761 | CD10: 248.80761 | CE10: 248.80761 | CF10: 248.80761 | CG10: 224.80786 | CH10: 224.80786 | CJ10: 224.80786 | CL10: 224.80786 | CM10: 224.80786 | CN10: 224.80786 | CO10: 224.80786 | CP10: 224.80786 | CQ10: 205.504 | CS10: 205.504 | CT10: 205.504 | CU10: 205.504 | CV10: 205.504 | CW10: 205.504 | CX10: 205.504 | CY10: 205.504 | CZ10: 205.504 | DA10: 183.872 | DB10: 183.872 | DC10: 183.872 | DD10: 183.872 | DE10: 183.872 | DF10: 183.872 | DG10: 183.872 | DH10: 183.872 | DI10: 183.872 | DJ10: 183.872
A11: 7 | B11: 7 | C11: 700 | N11: 1.2 | O11: 2100 | Y11: 192.5248 | Z11: 192.5248 | AA11: 192.5248 | AB11: 228.09157 | AC11: 228.09157 | AD11: 192.5248 | AE11: 192.5248 | AF11: 192.5248 | AG11: 192.5248 | AH11: 192.5248 | AI11: 192.5248 | AJ11: 192.5248 | AK11: 192.5248 | AL11: 192.5248 | AM11: 192.5248 | AN11: 192.5248 | AO11: 192.5248 | AQ11: 192.5248 | AR11: 192.5248 | AS11: 192.5248 | AT11: 192.5248 | AU11: 192.5248 | AV11: 192.5248 | AW11: 192.5248 | AX11: 192.5248 | AY11: 192.5248 | AZ11: 192.5248 | BA11: 192.5248 | BB11: 192.5248 | BC11: 240.37343 | BD11: 240.37343 | BE11: 240.37343 | BF11: 240.37343 | BG11: 240.37343 | BH11: 240.37343 | BI11: 240.37343 | BJ11: 240.37343 | BK11: 240.37343 | BL11: 240.37343 | BM11: 240.37343 | BN11: 240.37343 | BO11: 240.37343 | BP11: 240.37343 | BR11: 240.37343 | BS11: 240.37343 | BW11: 240.37343 | BX11: 240.37343 | BY11: 240.37343 | CA11: 240.37343 | CB11: 240.37343 | CC11: 265.28804 | CD11: 265.28804 | CE11: 265.28804 | CF11: 265.28804 | CG11: 240.37343 | CH11: 240.37343 | CJ11: 240.37343 | CL11: 240.37343 | CM11: 240.37343 | CN11: 240.37343 | CO11: 240.37343 | CP11: 240.37343 | CQ11: 214.1568 | CS11: 214.1568 | CT11: 214.1568 | CU11: 214.1568 | CV11: 214.1568 | CW11: 214.1568 | CX11: 214.1568 | CY11: 214.1568 | CZ11: 214.1568 | DA11: 192.5248 | DB11: 192.5248 | DC11: 192.5248 | DD11: 192.5248 | DE11: 192.5248 | DF11: 192.5248 | DG11: 192.5248 | DH11: 192.5248 | DI11: 192.5248 | DJ11: 192.5248
A12: 8 | B12: 8 | C12: 630 | N12: 1.5 | O12: 2625 | Y12: 210.912 | Z12: 210.912 | AA12: 210.912 | AB12: 245.63708 | AC12: 245.63708 | AD12: 210.912 | AE12: 210.912 | AF12: 210.912 | AG12: 210.912 | AH12: 210.912 | AI12: 210.912 | AJ12: 210.912 | AK12: 210.912 | AL12: 210.912 | AM12: 210.912 | AN12: 210.912 | AO12: 210.912 | AQ12: 210.912 | AR12: 210.912 | AS12: 210.912 | AT12: 210.912 | AU12: 210.912 | AV12: 210.912 | AW12: 210.912 | AX12: 210.912 | AY12: 210.912 | AZ12: 210.912 | BA12: 210.912 | BB12: 210.912 | BC12: 259.67348 | BD12: 259.67348 | BE12: 259.67348 | BF12: 259.67348 | BG12: 259.67348 | BH12: 259.67348 | BI12: 259.67348 | BJ12: 259.67348 | BK12: 259.67348 | BL12: 259.67348 | BM12: 259.67348 | BN12: 259.67348 | BO12: 259.67348 | BP12: 259.67348 | BR12: 259.67348 | BS12: 259.67348 | BW12: 259.67348 | BX12: 259.67348 | BY12: 259.67348 | CA12: 259.67348 | CB12: 259.67348 | CC12: 287.39538 | CD12: 287.39538 | CE12: 287.39538 | CF12: 287.39538 | CG12: 259.67348 | CH12: 259.67348 | CJ12: 259.67348 | CL12: 259.67348 | CM12: 259.67348 | CN12: 259.67348 | CO12: 259.67348 | CP12: 259.67348 | CQ12: 232.544 | CS12: 232.544 | CT12: 232.544 | CU12: 232.544 | CV12: 232.544 | CW12: 232.544 | CX12: 232.544 | CY12: 232.544 | CZ12: 232.544 | DA12: 210.912 | DB12: 210.912 | DC12: 210.912 | DD12: 210.912 | DE12: 210.912 | DF12: 210.912 | DG12: 210.912 | DH12: 210.912 | DI12: 210.912 | DJ12: 210.912
A13: 9 | B13: 9 | C13: 700 | N13: 1.6 | O13: 2800 | Y13: 224.9728 | Z13: 224.9728 | AA13: 224.9728 | AB13: 263.18258 | AC13: 263.18258 | AD13: 224.9728 | AE13: 224.9728 | AF13: 224.9728 | AG13: 224.9728 | AH13: 224.9728 | AI13: 224.9728 | AJ13: 224.9728 | AK13: 224.9728 | AL13: 224.9728 | AM13: 224.9728 | AN13: 224.9728 | AO13: 224.9728 | AQ13: 224.9728 | AR13: 224.9728 | AS13: 224.9728 | AT13: 224.9728 | AU13: 224.9728 | AV13: 224.9728 | AW13: 224.9728 | AX13: 224.9728 | AY13: 224.9728 | AZ13: 224.9728 | BA13: 224.9728 | BB13: 224.9728 | BC13: 278.97354 | BD13: 278.97354 | BE13: 278.97354 | BF13: 278.97354 | BG13: 278.97354 | BH13: 278.97354 | BI13: 278.97354 | BJ13: 278.97354 | BK13: 278.97354 | BL13: 278.97354 | BM13: 278.97354 | BN13: 278.97354 | BO13: 278.97354 | BP13: 278.97354 | BR13: 278.97354 | BS13: 278.97354 | BW13: 278.97354 | BX13: 278.97354 | BY13: 278.97354 | CA13: 278.97354 | CB13: 278.97354 | CC13: 309.50272 | CD13: 309.50272 | CE13: 309.50272 | CF13: 309.50272 | CG13: 278.97354 | CH13: 278.97354 | CJ13: 278.97354 | CL13: 278.97354 | CM13: 278.97354 | CN13: 278.97354 | CO13: 278.97354 | CP13: 278.97354 | CQ13: 244.4416 | CS13: 244.4416 | CT13: 244.4416 | CU13: 244.4416 | CV13: 244.4416 | CW13: 244.4416 | CX13: 244.4416 | CY13: 244.4416 | CZ13: 244.4416 | DA13: 224.9728 | DB13: 224.9728 | DC13: 224.9728 | DD13: 224.9728 | DE13: 224.9728 | DF13: 224.9728 | DG13: 224.9728 | DH13: 224.9728 | DI13: 224.9728 | DJ13: 224.9728
A14: 10 | B14: 10 | C14: 470 | D14: 2 | F14: Woensdag | G14: Donderdag | H14: Vrijdag | I14: Maandag | J14: Dinsdag | N14: 2 | O14: 3500 | Y14: 243.36 | Z14: 243.36 | AA14: 243.36 | AB14: 280.72809 | AC14: 280.72809 | AD14: 243.36 | AE14: 243.36 | AF14: 243.36 | AG14: 243.36 | AH14: 243.36 | AI14: 243.36 | AJ14: 243.36 | AK14: 243.36 | AL14: 243.36 | AM14: 243.36 | AN14: 243.36 | AO14: 243.36 | AQ14: 243.36 | AR14: 243.36 | AS14: 243.36 | AT14: 243.36 | AU14: 243.36 | AV14: 243.36 | AW14: 243.36 | AX14: 243.36 | AY14: 243.36 | AZ14: 243.36 | BA14: 243.36 | BB14: 243.36 | BC14: 298.27359 | BD14: 298.27359 | BE14: 298.27359 | BF14: 298.27359 | BG14: 298.27359 | BH14: 298.27359 | BI14: 298.27359 | BJ14: 298.27359 | BK14: 298.27359 | BL14: 298.27359 | BM14: 298.27359 | BN14: 298.27359 | BO14: 298.27359 | BP14: 298.27359 | BR14: 298.27359 | BS14: 298.27359 | BW14: 298.27359 | BX14: 298.27359 | BY14: 298.27359 | CA14: 298.27359 | CB14: 298.27359 | CC14: 331.61005 | CD14: 331.61005 | CE14: 331.61005 | CF14: 331.61005 | CG14: 298.27359 | CH14: 298.27359 | CJ14: 298.27359 | CL14: 298.27359 | CM14: 298.27359 | CN14: 298.27359 | CO14: 298.27359 | CP14: 298.27359 | CQ14: 269.3184 | CS14: 269.3184 | CT14: 269.3184 | CU14: 269.3184 | CV14: 269.3184 | CW14: 269.3184 | CX14: 269.3184 | CY14: 269.3184 | CZ14: 269.3184 | DA14: 243.36 | DB14: 243.36 | DC14: 243.36 | DD14: 243.36 | DE14: 243.36 | DF14: 243.36 | DG14: 243.36 | DH14: 243.36 | DI14: 243.36 | DJ14: 243.36
A15: 11 | B15: 11 | C15: 340 | D15: 2 | F15: Woensdag | G15: Donderdag | H15: Vrijdag | I15: Maandag | J15: Dinsdag | N15: 2.4 | O15: 4200 | Y15: 268.66944 | Z15: 268.66944 | AA15: 268.66944 | AB15: 298.27359 | AC15: 298.27359 | AD15: 268.66944 | AE15: 268.66944 | AF15: 268.66944 | AG15: 268.66944 | AH15: 268.66944 | AI15: 268.66944 | AJ15: 268.66944 | AK15: 268.66944 | AL15: 268.66944 | AM15: 268.66944 | AN15: 268.66944 | AO15: 268.66944 | AQ15: 268.66944 | AR15: 268.66944 | AS15: 268.66944 | AT15: 268.66944 | AU15: 268.66944 | AV15: 268.66944 | AW15: 268.66944 | AX15: 268.66944 | AY15: 268.66944 | AZ15: 268.66944 | BA15: 268.66944 | BB15: 268.66944 | BC15: 317.57365 | BD15: 317.57365 | BE15: 317.57365 | BF15: 317.57365 | BG15: 317.57365 | BH15: 317.57365 | BI15: 317.57365 | BJ15: 317.57365 | BK15: 317.57365 | BL15: 317.57365 | BM15: 317.57365 | BN15: 317.57365 | BO15: 317.57365 | BP15: 317.57365 | BR15: 317.57365 | BS15: 317.57365 | BW15: 317.57365 | BX15: 317.57365 | BY15: 317.57365 | CA15: 317.57365 | CB15: 317.57365 | CC15: 353.71739 | CD15: 353.71739 | CE15: 353.71739 | CF15: 353.71739 | CG15: 317.57365 | CH15: 317.57365 | CJ15: 317.57365 | CL15: 317.57365 | CM15: 317.57365 | CN15: 317.57365 | CO15: 317.57365 | CP15: 317.57365 | CQ15: 286.624 | CS15: 286.624 | CT15: 286.624 | CU15: 286.624 | CV15: 286.624 | CW15: 286.624 | CX15: 286.624 | CY15: 286.624 | CZ15: 286.624 | DA15: 268.66944 | DB15: 268.66944 | DC15: 268.66944 | DD15: 268.66944 | DE15: 268.66944 | DF15: 268.66944 | DG15: 268.66944 | DH15: 268.66944 | DI15: 268.66944 | DJ15: 268.66944
A16: 12 | B16: 12 | C16: 640 | D16: 2 | F16: Woensdag | G16: Donderdag | H16: Vrijdag | I16: Maandag | J16: Dinsdag | N16: 2.5 | O16: 4375 | Y16: 273.86112 | Z16: 273.86112 | AA16: 273.86112 | AB16: 315.8191 | AC16: 315.8191 | AD16: 273.86112 | AE16: 273.86112 | AF16: 273.86112 | AG16: 273.86112 | AH16: 273.86112 | AI16: 273.86112 | AJ16: 273.86112 | AK16: 273.86112 | AL16: 273.86112 | AM16: 273.86112 | AN16: 273.86112 | AO16: 273.86112 | AQ16: 273.86112 | AR16: 273.86112 | AS16: 273.86112 | AT16: 273.86112 | AU16: 273.86112 | AV16: 273.86112 | AW16: 273.86112 | AX16: 273.86112 | AY16: 273.86112 | AZ16: 273.86112 | BA16: 273.86112 | BB16: 273.86112 | BC16: 336.87371 | BD16: 336.87371 | BE16: 336.87371 | BF16: 336.87371 | BG16: 336.87371 | BH16: 336.87371 | BI16: 336.87371 | BJ16: 336.87371 | BK16: 336.87371 | BL16: 336.87371 | BM16: 336.87371 | BN16: 336.87371 | BO16: 336.87371 | BP16: 336.87371 | BR16: 336.87371 | BS16: 336.87371 | BW16: 336.87371 | BX16: 336.87371 | BY16: 336.87371 | CA16: 336.87371 | CB16: 336.87371 | CC16: 375.82473 | CD16: 375.82473 | CE16: 375.82473 | CF16: 375.82473 | CG16: 336.87371 | CH16: 336.87371 | CJ16: 336.87371 | CL16: 336.87371 | CM16: 336.87371 | CN16: 336.87371 | CO16: 336.87371 | CP16: 336.87371 | CQ16: 305.0112 | CS16: 305.0112 | CT16: 305.0112 | CU16: 305.0112 | CV16: 305.0112 | CW16: 305.0112 | CX16: 305.0112 | CY16: 305.0112 | CZ16: 305.0112 | DA16: 273.86112 | DB16: 273.86112 | DC16: 273.86112 | DD16: 273.86112 | DE16: 273.86112 | DF16: 273.86112 | DG16: 273.86112 | DH16: 273.86112 | DI16: 273.86112 | DJ16: 273.86112
A17: 13 | B17: 13 | C17: 670 | D17: 2 | F17: Woensdag | G17: Donderdag | H17: Vrijdag | I17: Maandag | J17: Dinsdag | N17: 2.8 | O17: 4900 | Y17: 290.73408 | Z17: 290.73408 | AA17: 290.73408 | AB17: 333.3646 | AC17: 333.3646 | AD17: 290.73408 | AE17: 290.73408 | AF17: 290.73408 | AG17: 290.73408 | AH17: 290.73408 | AI17: 290.73408 | AJ17: 290.73408 | AK17: 290.73408 | AL17: 290.73408 | AM17: 290.73408 | AN17: 290.73408 | AO17: 290.73408 | AQ17: 290.73408 | AR17: 290.73408 | AS17: 290.73408 | AT17: 290.73408 | AU17: 290.73408 | AV17: 290.73408 | AW17: 290.73408 | AX17: 290.73408 | AY17: 290.73408 | AZ17: 290.73408 | BA17: 290.73408 | BB17: 290.73408 | BC17: 356.17376 | BD17: 356.17376 | BE17: 356.17376 | BF17: 356.17376 | BG17: 356.17376 | BH17: 356.17376 | BI17: 356.17376 | BJ17: 356.17376 | BK17: 356.17376 | BL17: 356.17376 | BM17: 356.17376 | BN17: 356.17376 | BO17: 356.17376 | BP17: 356.17376 | BR17: 356.17376 | BS17: 356.17376 | BW17: 356.17376 | BX17: 356.17376 | BY17: 356.17376 | CA17: 356.17376 | CB17: 356.17376 | CC17: 397.93206 | CD17: 397.93206 | CE17: 397.93206 | CF17: 397.93206 | CG17: 356.17376 | CH17: 356.17376 | CJ17: 356.17376 | CL17: 356.17376 | CM17: 356.17376 | CN17: 356.17376 | CO17: 356.17376 | CP17: 356.17376 | CQ17: 317.9904 | CS17: 317.9904 | CT17: 317.9904 | CU17: 317.9904 | CV17: 317.9904 | CW17: 317.9904 | CX17: 317.9904 | CY17: 317.9904 | CZ17: 317.9904 | DA17: 290.73408 | DB17: 290.73408 | DC17: 290.73408 | DD17: 290.73408 | DE17: 290.73408 | DF17: 290.73408 | DG17: 290.73408 | DH17: 290.73408 | DI17: 290.73408 | DJ17: 290.73408
A18: 14 | B18: 14 | C18: 720 | D18: 2 | F18: Woensdag | G18: Donderdag | H18: Vrijdag | I18: Maandag | J18: Dinsdag | N18: 3 | O18: 5250 | Y18: 303.71328 | Z18: 303.71328 | AA18: 303.71328 | AB18: 350.91011 | AC18: 350.91011 | AD18: 303.71328 | AE18: 303.71328 | AF18: 303.71328 | AG18: 303.71328 | AH18: 303.71328 | AI18: 303.71328 | AJ18: 303.71328 | AK18: 303.71328 | AL18: 303.71328 | AM18: 303.71328 | AN18: 303.71328 | AO18: 303.71328 | AQ18: 303.71328 | AR18: 303.71328 | AS18: 303.71328 | AT18: 303.71328 | AU18: 303.71328 | AV18: 303.71328 | AW18: 303.71328 | AX18: 303.71328 | AY18: 303.71328 | AZ18: 303.71328 | BA18: 303.71328 | BB18: 303.71328 | BC18: 375.47382 | BD18: 375.47382 | BE18: 375.47382 | BF18: 375.47382 | BG18: 375.47382 | BH18: 375.47382 | BI18: 375.47382 | BJ18: 375.47382 | BK18: 375.47382 | BL18: 375.47382 | BM18: 375.47382 | BN18: 375.47382 | BO18: 375.47382 | BP18: 375.47382 | BR18: 375.47382 | BS18: 375.47382 | BW18: 375.47382 | BX18: 375.47382 | BY18: 375.47382 | CA18: 375.47382 | CB18: 375.47382 | CC18: 420.0394 | CD18: 420.0394 | CE18: 420.0394 | CF18: 420.0394 | CG18: 375.47382 | CH18: 375.47382 | CJ18: 375.47382 | CL18: 375.47382 | CM18: 375.47382 | CN18: 375.47382 | CO18: 375.47382 | CP18: 375.47382 | CQ18: 336.3776 | CS18: 336.3776 | CT18: 336.3776 | CU18: 336.3776 | CV18: 336.3776 | CW18: 336.3776 | CX18: 336.3776 | CY18: 336.3776 | CZ18: 336.3776 | DA18: 303.71328 | DB18: 303.71328 | DC18: 303.71328 | DD18: 303.71328 | DE18: 303.71328 | DF18: 303.71328 | DG18: 303.71328 | DH18: 303.71328 | DI18: 303.71328 | DJ18: 303.71328
A19: 15 | B19: 15 | C19: 640 | D19: 2 | F19: Woensdag | G19: Donderdag | H19: Vrijdag | I19: Maandag | J19: Dinsdag | N19: 3.2 | O19: 5600 | Y19: 315.39456 | Z19: 315.39456 | AA19: 315.39456 | AB19: 368.45562 | AC19: 368.45562 | AD19: 315.39456 | AE19: 315.39456 | AF19: 315.39456 | AG19: 315.39456 | AH19: 315.39456 | AI19: 315.39456 | AJ19: 315.39456 | AK19: 315.39456 | AL19: 315.39456 | AM19: 315.39456 | AN19: 315.39456 | AO19: 315.39456 | AQ19: 315.39456 | AR19: 315.39456 | AS19: 315.39456 | AT19: 315.39456 | AU19: 315.39456 | AV19: 315.39456 | AW19: 315.39456 | AX19: 315.39456 | AY19: 315.39456 | AZ19: 315.39456 | BA19: 315.39456 | BB19: 315.39456 | BC19: 394.77387 | BD19: 394.77387 | BE19: 394.77387 | BF19: 394.77387 | BG19: 394.77387 | BH19: 394.77387 | BI19: 394.77387 | BJ19: 394.77387 | BK19: 394.77387 | BL19: 394.77387 | BM19: 394.77387 | BN19: 394.77387 | BO19: 394.77387 | BP19: 394.77387 | BR19: 394.77387 | BS19: 394.77387 | BW19: 394.77387 | BX19: 394.77387 | BY19: 394.77387 | CA19: 394.77387 | CB19: 394.77387 | CC19: 442.14674 | CD19: 442.14674 | CE19: 442.14674 | CF19: 442.14674 | CG19: 394.77387 | CH19: 394.77387 | CJ19: 394.77387 | CL19: 394.77387 | CM19: 394.77387 | CN19: 394.77387 | CO19: 394.77387 | CP19: 394.77387 | CQ19: 348.2752 | CS19: 348.2752 | CT19: 348.2752 | CU19: 348.2752 | CV19: 348.2752 | CW19: 348.2752 | CX19: 348.2752 | CY19: 348.2752 | CZ19: 348.2752 | DA19: 315.39456 | DB19: 315.39456 | DC19: 315.39456 | DD19: 315.39456 | DE19: 315.39456 | DF19: 315.39456 | DG19: 315.39456 | DH19: 315.39456 | DI19: 315.39456 | DJ19: 315.39456
A20: 16 | B20: 16 | C20: 670 | D20: 2 | F20: Woensdag | G20: Donderdag | H20: Vrijdag | I20: Maandag | J20: Dinsdag | N20: 3.5 | O20: 6125 | Y20: 332.26752 | Z20: 332.26752 | AA20: 332.26752 | AB20: 386.00112 | AC20: 386.00112 | AD20: 332.26752 | AE20: 332.26752 | AF20: 332.26752 | AG20: 332.26752 | AH20: 332.26752 | AI20: 332.26752 | AJ20: 332.26752 | AK20: 332.26752 | AL20: 332.26752 | AM20: 332.26752 | AN20: 332.26752 | AO20: 332.26752 | AQ20: 332.26752 | AR20: 332.26752 | AS20: 332.26752 | AT20: 332.26752 | AU20: 332.26752 | AV20: 332.26752 | AW20: 332.26752 | AX20: 332.26752 | AY20: 332.26752 | AZ20: 332.26752 | BA20: 332.26752 | BB20: 332.26752 | BC20: 414.07393 | BD20: 414.07393 | BE20: 414.07393 | BF20: 414.07393 | BG20: 414.07393 | BH20: 414.07393 | BI20: 414.07393 | BJ20: 414.07393 | BK20: 414.07393 | BL20: 414.07393 | BM20: 414.07393 | BN20: 414.07393 | BO20: 414.07393 | BP20: 414.07393 | BR20: 414.07393 | BS20: 414.07393 | BW20: 414.07393 | BX20: 414.07393 | BY20: 414.07393 | CA20: 414.07393 | CB20: 414.07393 | CC20: 464.25408 | CD20: 464.25408 | CE20: 464.25408 | CF20: 464.25408 | CG20: 414.07393 | CH20: 414.07393 | CJ20: 414.07393 | CL20: 414.07393 | CM20: 414.07393 | CN20: 414.07393 | CO20: 414.07393 | CP20: 414.07393 | CQ20: 366.6624 | CS20: 366.6624 | CT20: 366.6624 | CU20: 366.6624 | CV20: 366.6624 | CW20: 366.6624 | CX20: 366.6624 | CY20: 366.6624 | CZ20: 366.6624 | DA20: 332.26752 | DB20: 332.26752 | DC20: 332.26752 | DD20: 332.26752 | DE20: 332.26752 | DF20: 332.26752 | DG20: 332.26752 | DH20: 332.26752 | DI20: 332.26752 | DJ20: 332.26752
A21: 17 | B21: 17 | C21: 720 | D21: 2 | F21: Woensdag | G21: Donderdag | H21: Vrijdag | I21: Maandag | J21: Dinsdag | N21: 3.6 | O21: 6300 | Y21: 338.75712 | Z21: 338.75712 | AA21: 338.75712 | AB21: 403.54663 | AC21: 403.54663 | AD21: 338.75712 | AE21: 338.75712 | AF21: 338.75712 | AG21: 338.75712 | AH21: 338.75712 | AI21: 338.75712 | AJ21: 338.75712 | AK21: 338.75712 | AL21: 338.75712 | AM21: 338.75712 | AN21: 338.75712 | AO21: 338.75712 | AQ21: 338.75712 | AR21: 338.75712 | AS21: 338.75712 | AT21: 338.75712 | AU21: 338.75712 | AV21: 338.75712 | AW21: 338.75712 | AX21: 338.75712 | AY21: 338.75712 | AZ21: 338.75712 | BA21: 338.75712 | BB21: 338.75712 | BC21: 433.37399 | BD21: 433.37399 | BE21: 433.37399 | BF21: 433.37399 | BG21: 433.37399 | BH21: 433.37399 | BI21: 433.37399 | BJ21: 433.37399 | BK21: 433.37399 | BL21: 433.37399 | BM21: 433.37399 | BN21: 433.37399 | BO21: 433.37399 | BP21: 433.37399 | BR21: 433.37399 | BS21: 433.37399 | BW21: 433.37399 | BX21: 433.37399 | BY21: 433.37399 | CA21: 433.37399 | CB21: 433.37399 | CC21: 486.36141 | CD21: 486.36141 | CE21: 486.36141 | CF21: 486.36141 | CG21: 433.37399 | CH21: 433.37399 | CJ21: 433.37399 | CL21: 433.37399 | CM21: 433.37399 | CN21: 433.37399 | CO21: 433.37399 | CP21: 433.37399 | CQ21: 385.0496 | CS21: 385.0496 | CT21: 385.0496 | CU21: 385.0496 | CV21: 385.0496 | CW21: 385.0496 | CX21: 385.0496 | CY21: 385.0496 | CZ21: 385.0496 | DA21: 338.75712 | DB21: 338.75712 | DC21: 338.75712 | DD21: 338.75712 | DE21: 338.75712 | DF21: 338.75712 | DG21: 338.75712 | DH21: 338.75712 | DI21: 338.75712 | DJ21: 338.75712
A22: 18 | B22: 18 | C22: 730 | D22: 2 | F22: Woensdag | G22: Donderdag | H22: Vrijdag | I22: Maandag | J22: Dinsdag | N22: 4 | O22: 7000 | Y22: 363.4176 | Z22: 363.4176 | AA22: 363.4176 | AB22: 421.09213 | AC22: 421.09213 | AD22: 363.4176 | AE22: 363.4176 | AF22: 363.4176 | AG22: 363.4176 | AH22: 363.4176 | AI22: 363.4176 | AJ22: 363.4176 | AK22: 363.4176 | AL22: 363.4176 | AM22: 363.4176 | AN22: 363.4176 | AO22: 363.4176 | AQ22: 363.4176 | AR22: 363.4176 | AS22: 363.4176 | AT22: 363.4176 | AU22: 363.4176 | AV22: 363.4176 | AW22: 363.4176 | AX22: 363.4176 | AY22: 363.4176 | AZ22: 363.4176 | BA22: 363.4176 | BB22: 363.4176 | BC22: 452.67404 | BD22: 452.67404 | BE22: 452.67404 | BF22: 452.67404 | BG22: 452.67404 | BH22: 452.67404 | BI22: 452.67404 | BJ22: 452.67404 | BK22: 452.67404 | BL22: 452.67404 | BM22: 452.67404 | BN22: 452.67404 | BO22: 452.67404 | BP22: 452.67404 | BR22: 452.67404 | BS22: 452.67404 | BW22: 452.67404 | BX22: 452.67404 | BY22: 452.67404 | CA22: 452.67404 | CB22: 452.67404 | CC22: 508.46875 | CD22: 508.46875 | CE22: 508.46875 | CF22: 508.46875 | CG22: 452.67404 | CH22: 452.67404 | CJ22: 452.67404 | CL22: 452.67404 | CM22: 452.67404 | CN22: 452.67404 | CO22: 452.67404 | CP22: 452.67404 | CQ22: 403.4368 | CS22: 403.4368 | CT22: 403.4368 | CU22: 403.4368 | CV22: 403.4368 | CW22: 403.4368 | CX22: 403.4368 | CY22: 403.4368 | CZ22: 403.4368 | DA22: 363.4176 | DB22: 363.4176 | DC22: 363.4176 | DD22: 363.4176 | DE22: 363.4176 | DF22: 363.4176 | DG22: 363.4176 | DH22: 363.4176 | DI22: 363.4176 | DJ22: 363.4176
A23: 19 | B23: 19 | C23: 730 | D23: 2 | F23: Woensdag | G23: Donderdag | H23: Vrijdag | I23: Maandag | J23: Dinsdag | N23: 4.4 | O23: 7700 | Y23: 385.48224 | Z23: 385.48224 | AA23: 385.48224 | AB23: 438.63764 | AC23: 438.63764 | AD23: 385.48224 | AE23: 385.48224 | AF23: 385.48224 | AG23: 385.48224 | AH23: 385.48224 | AI23: 385.48224 | AJ23: 385.48224 | AK23: 385.48224 | AL23: 385.48224 | AM23: 385.48224 | AN23: 385.48224 | AO23: 385.48224 | AQ23: 385.48224 | AR23: 385.48224 | AS23: 385.48224 | AT23: 385.48224 | AU23: 385.48224 | AV23: 385.48224 | AW23: 385.48224 | AX23: 385.48224 | AY23: 385.48224 | AZ23: 385.48224 | BA23: 385.48224 | BB23: 385.48224 | BC23: 471.9741 | BD23: 471.9741 | BE23: 471.9741 | BF23: 471.9741 | BG23: 471.9741 | BH23: 471.9741 | BI23: 471.9741 | BJ23: 471.9741 | BK23: 471.9741 | BL23: 471.9741 | BM23: 471.9741 | BN23: 471.9741 | BO23: 471.9741 | BP23: 471.9741 | BR23: 471.9741 | BS23: 471.9741 | BW23: 471.9741 | BX23: 471.9741 | BY23: 471.9741 | CA23: 471.9741 | CB23: 471.9741 | CC23: 530.57609 | CD23: 530.57609 | CE23: 530.57609 | CF23: 530.57609 | CG23: 471.9741 | CH23: 471.9741 | CJ23: 471.9741 | CL23: 471.9741 | CM23: 471.9741 | CN23: 471.9741 | CO23: 471.9741 | CP23: 471.9741 | CQ23: 427.232 | CS23: 427.232 | CT23: 427.232 | CU23: 427.232 | CV23: 427.232 | CW23: 427.232 | CX23: 427.232 | CY23: 427.232 | CZ23: 427.232 | DA23: 385.48224 | DB23: 385.48224 | DC23: 385.48224 | DD23: 385.48224 | DE23: 385.48224 | DF23: 385.48224 | DG23: 385.48224 | DH23: 385.48224 | DI23: 385.48224 | DJ23: 385.48224
A24: 20 | B24: 20 | C24: 510 | D24: 2 | F24: Woensdag | G24: Donderdag | H24: Vrijdag | I24: Maandag | J24: Dinsdag | N24: 4.5 | O24: 7875 | Y24: 390.67392 | Z24: 390.67392 | AA24: 390.67392 | AB24: 456.18314 | AC24: 456.18314 | AD24: 390.67392 | AE24: 390.67392 | AF24: 390.67392 | AG24: 390.67392 | AH24: 390.67392 | AI24: 390.67392 | AJ24: 390.67392 | AK24: 390.67392 | AL24: 390.67392 | AM24: 390.67392 | AN24: 390.67392 | AO24: 390.67392 | AQ24: 390.67392 | AR24: 390.67392 | AS24: 390.67392 | AT24: 390.67392 | AU24: 390.67392 | AV24: 390.67392 | AW24: 390.67392 | AX24: 390.67392 | AY24: 390.67392 | AZ24: 390.67392 | BA24: 390.67392 | BB24: 390.67392 | BC24: 491.27415 | BD24: 491.27415 | BE24: 491.27415 | BF24: 491.27415 | BG24: 491.27415 | BH24: 491.27415 | BI24: 491.27415 | BJ24: 491.27415 | BK24: 491.27415 | BL24: 491.27415 | BM24: 491.27415 | BN24: 491.27415 | BO24: 491.27415 | BP24: 491.27415 | BR24: 491.27415 | BS24: 491.27415 | BW24: 491.27415 | BX24: 491.27415 | BY24: 491.27415 | CA24: 491.27415 | CB24: 491.27415 | CC24: 552.68342 | CD24: 552.68342 | CE24: 552.68342 | CF24: 552.68342 | CG24: 491.27415 | CH24: 491.27415 | CJ24: 491.27415 | CL24: 491.27415 | CM24: 491.27415 | CN24: 491.27415 | CO24: 491.27415 | CP24: 491.27415 | CQ24: 443.456 | CS24: 443.456 | CT24: 443.456 | CU24: 443.456 | CV24: 443.456 | CW24: 443.456 | CX24: 443.456 | CY24: 443.456 | CZ24: 443.456 | DA24: 390.67392 | DB24: 390.67392 | DC24: 390.67392 | DD24: 390.67392 | DE24: 390.67392 | DF24: 390.67392 | DG24: 390.67392 | DH24: 390.67392 | DI24: 390.67392 | DJ24: 390.67392
A25: 21 | B25: 21 | C25: 520 | D25: 2 | F25: Woensdag | G25: Donderdag | H25: Vrijdag | I25: Maandag | J25: Dinsdag | N25: 4.8 | O25: 8400 | Y25: 406.24896 | Z25: 406.24896 | AA25: 406.24896 | AB25: 473.72865 | AC25: 473.72865 | AD25: 406.24896 | AE25: 406.24896 | AF25: 406.24896 | AG25: 406.24896 | AH25: 406.24896 | AI25: 406.24896 | AJ25: 406.24896 | AK25: 406.24896 | AL25: 406.24896 | AM25: 406.24896 | AN25: 406.24896 | AO25: 406.24896 | AQ25: 406.24896 | AR25: 406.24896 | AS25: 406.24896 | AT25: 406.24896 | AU25: 406.24896 | AV25: 406.24896 | AW25: 406.24896 | AX25: 406.24896 | AY25: 406.24896 | AZ25: 406.24896 | BA25: 406.24896 | BB25: 406.24896 | BC25: 510.57421 | BD25: 510.57421 | BE25: 510.57421 | BF25: 510.57421 | BG25: 510.57421 | BH25: 510.57421 | BI25: 510.57421 | BJ25: 510.57421 | BK25: 510.57421 | BL25: 510.57421 | BM25: 510.57421 | BN25: 510.57421 | BO25: 510.57421 | BP25: 510.57421 | BR25: 510.57421 | BS25: 510.57421 | BW25: 510.57421 | BX25: 510.57421 | BY25: 510.57421 | CA25: 510.57421 | CB25: 510.57421 | CC25: 574.79076 | CD25: 574.79076 | CE25: 574.79076 | CF25: 574.79076 | CG25: 510.57421 | CH25: 510.57421 | CJ25: 510.57421 | CL25: 510.57421 | CM25: 510.57421 | CN25: 510.57421 | CO25: 510.57421 | CP25: 510.57421 | CQ25: 452.1088 | CS25: 452.1088 | CT25: 452.1088 | CU25: 452.1088 | CV25: 452.1088 | CW25: 452.1088 | CX25: 452.1088 | CY25: 452.1088 | CZ25: 452.1088 | DA25: 406.24896 | DB25: 406.24896 | DC25: 406.24896 | DD25: 406.24896 | DE25: 406.24896 | DF25: 406.24896 | DG25: 406.24896 | DH25: 406.24896 | DI25: 406.24896 | DJ25: 406.24896
... A58: 55 | B58: 55 | C58: 410 | D58: 2 | F58: Woensdag | G58: Donderdag | H58: Vrijdag | I58: Maandag | J58: Dinsdag | N58: 13.6 | O58: 25000 | Y58: 703.04 | Z58: 703.04 | AA58: 703.04 | AB58: 751.712 | AC58: 751.712 | AD58: 703.04 | AE58: 703.04 | AF58: 703.04 | AG58: 703.04 | AH58: 703.04 | AI58: 665.83296 | AJ58: 665.83296 | AK58: 665.83296 | AL58: 665.83296 | AM58: 665.83296 | AN58: 665.83296 | AO58: 665.83296 | AQ58: 665.83296 | AR58: 665.83296 | AS58: 703.04 | AT58: 703.04 | AU58: 703.04 | AV58: 703.04 | AW58: 703.04 | AX58: 703.04 | AY58: 703.04 | AZ58: 703.04 | BA58: 703.04 | BB58: 703.04 | BC58: 805.792 | BD58: 805.792 | BE58: 805.792 | BF58: 805.792 | BG58: 805.792 | BH58: 805.792 | BI58: 805.792 | BJ58: 805.792 | BK58: 805.792 | BL58: 805.792 | BM58: 805.792 | BN58: 805.792 | BO58: 805.792 | BP58: 805.792 | BR58: 805.792 | BS58: 805.792 | BW58: 805.792 | BX58: 805.792 | BY58: 805.792 | CA58: 805.792 | CB58: 805.792 | CC58: 921.13904 | CD58: 921.13904 | CE58: 921.13904 | CF58: 921.13904 | CG58: 805.792 | CH58: 805.792 | CJ58: 805.792 | CL58: 805.792 | CM58: 805.792 | CN58: 805.792 | CO58: 805.792 | CP58: 805.792 | CQ58: 805.792 | CS58: 805.792 | CT58: 805.792 | CU58: 805.792 | CV58: 805.792 | CW58: 805.792 | CX58: 805.792 | CY58: 805.792 | CZ58: 805.792 | DA58: 665.83296 | DB58: 665.83296 | DC58: 665.83296 | DD58: 665.83296 | DE58: 665.83296 | DF58: 665.83296 | DG58: 665.83296 | DH58: 665.83296 | DI58: 665.83296 | DJ58: 665.83296
A59: 56 | B59: 56 | C59: 420 | D59: 2 | F59: Woensdag | G59: Donderdag | H59: Vrijdag | I59: Maandag | J59: Dinsdag
A60: 57 | B60: 57 | C60: 250 | D60: 2 | F60: Woensdag | G60: Donderdag | H60: Vrijdag | I60: Maandag | J60: Dinsdag
A61: 58 | B61: 58 | C61: 200 | D61: 2 | F61: Woensdag | G61: Donderdag | H61: Vrijdag | I61: Maandag | J61: Dinsdag
A62: 59 | B62: 59 | C62: 230 | D62: 2 | F62: Woensdag | G62: Donderdag | H62: Vrijdag | I62: Maandag | J62: Dinsdag
A63: 60 | B63: 60 | C63: 430 | D63: 2 | F63: Woensdag | G63: Donderdag | H63: Vrijdag | I63: Maandag | J63: Dinsdag
A64: 61 | B64: 61 | C64: 450 | D64: 2 | F64: Woensdag | G64: Donderdag | H64: Vrijdag | I64: Maandag | J64: Dinsdag
A65: 63 | B65: 63 | C65: 530 | D65: 2 | F65: Woensdag | G65: Donderdag | H65: Vrijdag | I65: Maandag | J65: Dinsdag
A66: 64 | B66: 64 | C66: 440 | D66: 2 | F66: Woensdag | G66: Donderdag | H66: Vrijdag | I66: Maandag | J66: Dinsdag
A67: 65 | B67: 65 | C67: 530 | D67: 2 | F67: Woensdag | G67: Donderdag | H67: Vrijdag | I67: Maandag | J67: Dinsdag
A68: 66 | B68: 66 | C68: 600 | D68: 2 | F68: Woensdag | G68: Donderdag | H68: Vrijdag | I68: Maandag | J68: Dinsdag
A69: 67 | B69: 67 | C69: 530 | D69: 2 | F69: Woensdag | G69: Donderdag | H69: Vrijdag | I69: Maandag | J69: Dinsdag
A70: 68 | B70: 68 | C70: 640 | D70: 2 | F70: Woensdag | G70: Donderdag | H70: Vrijdag | I70: Maandag | J70: Dinsdag
... A100: 99 | B100: 99 | C100: 680 | D100: 2 | F100: Woensdag | G100: Donderdag | H100: Vrijdag | I100: Maandag | J100: Dinsdag

Sheet Stamdata
A1: Weekdagen | C1: Aanvraagnummer | E1: Soort: | G1: Services | H1: Gebruiker: | I1: Initialen:
A2: Maandag | E2: Export | G2: 1 | H2: Robert | I2: R
A3: Dinsdag | E3: Import | G3: 0 | H3: Marcel | I3: M
A4: Woensdag | H4: Donny | I4: D
A5: Donderdag | H5: Stan | I5: S
A6: Vrijdag | H6: Teus | I6: T

Sheet LU-Exp
A5: Postcode | B5: Zone | C5: Afstand (km) | D5: Transitdagen | E5: Verste Locatie | F5: Laden Maandag = Lossen | G5: Laden Dinsdag = Lossen | H5: Laden Woensdag = Lossen | I5: Laden Donderdag = Lossen | J5: Laden Vrijdag = Lossen | N5: Laadmeters | O5: Gewicht | Y5: 10 | Z5: 11 | AA5: 12 | AB5: 13 | AC5: 14 | AD5: 15 | AE5: 16 | AF5: 17 | AG5: 18 | AH5: 19 | AI5: 20 | AJ5: 21 | AK5: 22 | AL5: 23 | AM5: 24 | AN5: 25 | AO5: 26 | AQ5: 28 | AR5: 29 | AS5: 30 | AT5: 31 | AU5: 32 | AV5: 33 | AW5: 34 | AX5: 35 | AY5: 36 | AZ5: 37 | BA5: 38 | BB5: 39 | BC5: 40 | BD5: 41 | BE5: 42 | BG5: 44 | BH5: 45 | BI5: 46 | BJ5: 47 | BK5: 48 | BL5: 49 | BM5: 50 | BN5: 51 | BO5: 52 | BP5: 53 | BR5: 55 | BS5: 56 | BW5: 60 | BX5: 61 | CA5: 64 | CB5: 65 | CC5: 66 | CD5: 67 | CE5: 68 | CF5: 69 | CG5: 70 | CH5: 71 | CJ5: 73 | CL5: 75 | CM5: 76 | CN5: 77 | CO5: 78 | CP5: 79 | CQ5: 80 | CS5: 82 | CT5: 83 | CU5: 84 | CV5: 85 | CW5: 86 | CX5: 87 | CY5: 88 | CZ5: 89 | DA5: 90 | DB5: 91 | DC5: 92 | DD5: 93 | DE5: 94 | DF5: 95 | DG5: 96 | DH5: 97 | DI5: 98 | DJ5: 99
A6: 10 | B6: 10 | D6: 3 | F6: Donderdag | G6: Vrijdag | H6: Maandag | I6: Maandag | J6: Dinsdag | N6: 0 | O6: 0 | Y6: Luxemburg | Z6: Luxemburg | AA6: Luxemburg | AB6: Luxemburg | AC6: Luxemburg | AD6: Luxemburg | AE6: Luxemburg | AF6: Luxemburg | AG6: Luxemburg | AH6: Luxemburg | AI6: Luxemburg | AJ6: Luxemburg | AK6: Luxemburg | AL6: Luxemburg | AM6: Luxemburg | AN6: Luxemburg | AO6: Luxemburg | AP6: Luxemburg | AQ6: Luxemburg | AR6: Luxemburg | AS6: Luxemburg | AT6: Luxemburg | AU6: Luxemburg | AV6: Luxemburg | AW6: Luxemburg | AX6: Luxemburg | AY6: Luxemburg | AZ6: Luxemburg | BA6: Luxemburg | BB6: Luxemburg | BC6: Luxemburg | BD6: Luxemburg | BE6: Luxemburg | BF6: Luxemburg | BG6: Luxemburg | BH6: Luxemburg | BI6: Luxemburg | BJ6: Luxemburg | BK6: Luxemburg | BL6: Luxemburg | BM6: Luxemburg | BN6: Luxemburg | BO6: Luxemburg | BP6: Luxemburg | BQ6: Luxemburg | BR6: Luxemburg | BS6: Luxemburg | BT6: Luxemburg | BU6: Luxemburg | BV6: Luxemburg | BW6: Luxemburg | BX6: Luxemburg | BY6: Luxemburg | BZ6: Luxemburg | CA6: Luxemburg | CB6: Luxemburg | CC6: Luxemburg | CD6: Luxemburg | CE6: Luxemburg | CF6: Luxemburg | CG6: Luxemburg | CH6: Luxemburg | CI6: Luxemburg | CJ6: Luxemburg | CK6: Luxemburg | CL6: Luxemburg | CM6: Luxemburg | CN6: Luxemburg | CO6: Luxemburg | CP6: Luxemburg | CQ6: Luxemburg | CR6: Luxemburg | CS6: Luxemburg | CT6: Luxemburg | CU6: Luxemburg | CV6: Luxemburg | CW6: Luxemburg | CX6: Luxemburg | CY6: Luxemburg | CZ6: Luxemburg | DA6: Luxemburg | DB6: Luxemburg | DC6: Luxemburg | DD6: Luxemburg | DE6: Luxemburg | DF6: Luxemburg | DG6: Luxemburg | DH6: Luxemburg | DI6: Luxemburg | DJ6: Luxemburg
A7: 11 | B7: 11 | D7: 3 | F7: Donderdag | G7: Vrijdag | H7: Maandag | I7: Maandag | J7: Dinsdag | N7: 0.4 | O7: 700 | Y7: ='LU-Exp (O)'!Y7*(1+Toeslagen!$Q$4) -> 216.32 | Z7: ='LU-Exp (O)'!Z7*(1+Toeslagen!$Q$4) -> 216.32 | AA7: ='LU-Exp (O)'!AA7*(1+Toeslagen!$Q$4) -> 216.32 | AB7: ='LU-Exp (O)'!AB7*(1+Toeslagen!$Q$4) -> 216.32 | AC7: ='LU-Exp (O)'!AC7*(1+Toeslagen!$Q$4) -> 216.32 | AD7: ='LU-Exp (O)'!AD7*(1+Toeslagen!$Q$4) -> 216.32 | AE7: ='LU-Exp (O)'!AE7*(1+Toeslagen!$Q$4) -> 216.32 | AF7: ='LU-Exp (O)'!AF7*(1+Toeslagen!$Q$4) -> 216.32 | ... DJ7: ='LU-Exp (O)'!DJ7*(1+Toeslagen!$Q$4) -> 216.32
A8: 12 | B8: 12 | D8: 3 | F8: Donderdag | G8: Vrijdag | H8: Maandag | I8: Maandag | J8: Dinsdag | N8: 0.5 | O8: 875 | Y8: ='LU-Exp (O)'!Y8*(1+Toeslagen!$Q$4) -> 216.9092 | Z8: ='LU-Exp (O)'!Z8*(1+Toeslagen!$Q$4) -> 216.9092 | AA8: ='LU-Exp (O)'!AA8*(1+Toeslagen!$Q$4) -> 216.9092 | AB8: ='LU-Exp (O)'!AB8*(1+Toeslagen!$Q$4) -> 216.9092 | AC8: ='LU-Exp (O)'!AC8*(1+Toeslagen!$Q$4) -> 216.9092 | AD8: ='LU-Exp (O)'!AD8*(1+Toeslagen!$Q$4) -> 216.9092 | AE8: ='LU-Exp (O)'!AE8*(1+Toeslagen!$Q$4) -> 216.9092 | AF8: ='LU-Exp (O)'!AF8*(1+Toeslagen!$Q$4) -> 216.9092 | ... DJ8: ='LU-Exp (O)'!DJ8*(1+Toeslagen!$Q$4) -> 216.9092
A9: 13 | B9: 13 | D9: 3 | F9: Donderdag | G9: Vrijdag | H9: Maandag | I9: Maandag | J9: Dinsdag | N9: 0.8 | O9: 1400 | Y9: ='LU-Exp (O)'!Y9*(1+Toeslagen!$Q$4) -> 236.04825 | Z9: ='LU-Exp (O)'!Z9*(1+Toeslagen!$Q$4) -> 236.04825 | AA9: ='LU-Exp (O)'!AA9*(1+Toeslagen!$Q$4) -> 236.04825 | AB9: ='LU-Exp (O)'!AB9*(1+Toeslagen!$Q$4) -> 236.04825 | AC9: ='LU-Exp (O)'!AC9*(1+Toeslagen!$Q$4) -> 236.04825 | AD9: ='LU-Exp (O)'!AD9*(1+Toeslagen!$Q$4) -> 236.04825 | AE9: ='LU-Exp (O)'!AE9*(1+Toeslagen!$Q$4) -> 236.04825 | AF9: ='LU-Exp (O)'!AF9*(1+Toeslagen!$Q$4) -> 236.04825 | ... DJ9: ='LU-Exp (O)'!DJ9*(1+Toeslagen!$Q$4) -> 236.04825
A10: 14 | B10: 14 | D10: 3 | F10: Donderdag | G10: Vrijdag | H10: Maandag | I10: Maandag | J10: Dinsdag | N10: 1 | O10: 1750 | Y10: ='LU-Exp (O)'!Y10*(1+Toeslagen!$Q$4) -> 248.80761 | Z10: ='LU-Exp (O)'!Z10*(1+Toeslagen!$Q$4) -> 248.80761 | AA10: ='LU-Exp (O)'!AA10*(1+Toeslagen!$Q$4) -> 248.80761 | AB10: ='LU-Exp (O)'!AB10*(1+Toeslagen!$Q$4) -> 248.80761 | AC10: ='LU-Exp (O)'!AC10*(1+Toeslagen!$Q$4) -> 248.80761 | AD10: ='LU-Exp (O)'!AD10*(1+Toeslagen!$Q$4) -> 248.80761 | AE10: ='LU-Exp (O)'!AE10*(1+Toeslagen!$Q$4) -> 248.80761 | AF10: ='LU-Exp (O)'!AF10*(1+Toeslagen!$Q$4) -> 248.80761 | ... DJ10: ='LU-Exp (O)'!DJ10*(1+Toeslagen!$Q$4) -> 248.80761
A11: 15 | B11: 15 | D11: 3 | F11: Donderdag | G11: Vrijdag | H11: Maandag | I11: Maandag | J11: Dinsdag | N11: 1.2 | O11: 2100 | Y11: ='LU-Exp (O)'!Y11*(1+Toeslagen!$Q$4) -> 265.28804 | Z11: ='LU-Exp (O)'!Z11*(1+Toeslagen!$Q$4) -> 265.28804 | AA11: ='LU-Exp (O)'!AA11*(1+Toeslagen!$Q$4) -> 265.28804 | AB11: ='LU-Exp (O)'!AB11*(1+Toeslagen!$Q$4) -> 265.28804 | AC11: ='LU-Exp (O)'!AC11*(1+Toeslagen!$Q$4) -> 265.28804 | AD11: ='LU-Exp (O)'!AD11*(1+Toeslagen!$Q$4) -> 265.28804 | AE11: ='LU-Exp (O)'!AE11*(1+Toeslagen!$Q$4) -> 265.28804 | AF11: ='LU-Exp (O)'!AF11*(1+Toeslagen!$Q$4) -> 265.28804 | ... DJ11: ='LU-Exp (O)'!DJ11*(1+Toeslagen!$Q$4) -> 265.28804
A12: 16 | B12: 16 | D12: 3 | F12: Donderdag | G12: Vrijdag | H12: Maandag | I12: Maandag | J12: Dinsdag | N12: 1.5 | O12: 2625 | Y12: ='LU-Exp (O)'!Y12*(1+Toeslagen!$Q$4) -> 287.39538 | Z12: ='LU-Exp (O)'!Z12*(1+Toeslagen!$Q$4) -> 287.39538 | AA12: ='LU-Exp (O)'!AA12*(1+Toeslagen!$Q$4) -> 287.39538 | AB12: ='LU-Exp (O)'!AB12*(1+Toeslagen!$Q$4) -> 287.39538 | AC12: ='LU-Exp (O)'!AC12*(1+Toeslagen!$Q$4) -> 287.39538 | AD12: ='LU-Exp (O)'!AD12*(1+Toeslagen!$Q$4) -> 287.39538 | AE12: ='LU-Exp (O)'!AE12*(1+Toeslagen!$Q$4) -> 287.39538 | AF12: ='LU-Exp (O)'!AF12*(1+Toeslagen!$Q$4) -> 287.39538 | ... DJ12: ='LU-Exp (O)'!DJ12*(1+Toeslagen!$Q$4) -> 287.39538
A13: 17 | B13: 17 | D13: 3 | F13: Donderdag | G13: Vrijdag | H13: Maandag | I13: Maandag | J13: Dinsdag | N13: 1.6 | O13: 2800 | Y13: ='LU-Exp (O)'!Y13*(1+Toeslagen!$Q$4) -> 309.50272 | Z13: ='LU-Exp (O)'!Z13*(1+Toeslagen!$Q$4) -> 309.50272 | AA13: ='LU-Exp (O)'!AA13*(1+Toeslagen!$Q$4) -> 309.50272 | AB13: ='LU-Exp (O)'!AB13*(1+Toeslagen!$Q$4) -> 309.50272 | AC13: ='LU-Exp (O)'!AC13*(1+Toeslagen!$Q$4) -> 309.50272 | AD13: ='LU-Exp (O)'!AD13*(1+Toeslagen!$Q$4) -> 309.50272 | AE13: ='LU-Exp (O)'!AE13*(1+Toeslagen!$Q$4) -> 309.50272 | AF13: ='LU-Exp (O)'!AF13*(1+Toeslagen!$Q$4) -> 309.50272 | ... DJ13: ='LU-Exp (O)'!DJ13*(1+Toeslagen!$Q$4) -> 309.50272
A14: 18 | B14: 18 | D14: 3 | F14: Donderdag | G14: Vrijdag | H14: Maandag | I14: Maandag | J14: Dinsdag | N14: 2 | O14: 3500 | Y14: ='LU-Exp (O)'!Y14*(1+Toeslagen!$Q$4) -> 331.61005 | Z14: ='LU-Exp (O)'!Z14*(1+Toeslagen!$Q$4) -> 331.61005 | AA14: ='LU-Exp (O)'!AA14*(1+Toeslagen!$Q$4) -> 331.61005 | AB14: ='LU-Exp (O)'!AB14*(1+Toeslagen!$Q$4) -> 331.61005 | AC14: ='LU-Exp (O)'!AC14*(1+Toeslagen!$Q$4) -> 331.61005 | AD14: ='LU-Exp (O)'!AD14*(1+Toeslagen!$Q$4) -> 331.61005 | AE14: ='LU-Exp (O)'!AE14*(1+Toeslagen!$Q$4) -> 331.61005 | AF14: ='LU-Exp (O)'!AF14*(1+Toeslagen!$Q$4) -> 331.61005 | ... DJ14: ='LU-Exp (O)'!DJ14*(1+Toeslagen!$Q$4) -> 331.61005
A15: 19 | B15: 19 | D15: 3 | F15: Donderdag | G15: Vrijdag | H15: Maandag | I15: Maandag | J15: Dinsdag | N15: 2.4 | O15: 4200 | Y15: ='LU-Exp (O)'!Y15*(1+Toeslagen!$Q$4) -> 353.71739 | Z15: ='LU-Exp (O)'!Z15*(1+Toeslagen!$Q$4) -> 353.71739 | AA15: ='LU-Exp (O)'!AA15*(1+Toeslagen!$Q$4) -> 353.71739 | AB15: ='LU-Exp (O)'!AB15*(1+Toeslagen!$Q$4) -> 353.71739 | AC15: ='LU-Exp (O)'!AC15*(1+Toeslagen!$Q$4) -> 353.71739 | AD15: ='LU-Exp (O)'!AD15*(1+Toeslagen!$Q$4) -> 353.71739 | AE15: ='LU-Exp (O)'!AE15*(1+Toeslagen!$Q$4) -> 353.71739 | AF15: ='LU-Exp (O)'!AF15*(1+Toeslagen!$Q$4) -> 353.71739 | ... DJ15: ='LU-Exp (O)'!DJ15*(1+Toeslagen!$Q$4) -> 353.71739
A16: 20 | B16: 20 | D16: 3 | F16: Donderdag | G16: Vrijdag | H16: Maandag | I16: Maandag | J16: Dinsdag | N16: 2.5 | O16: 4375 | Y16: ='LU-Exp (O)'!Y16*(1+Toeslagen!$Q$4) -> 375.82473 | Z16: ='LU-Exp (O)'!Z16*(1+Toeslagen!$Q$4) -> 375.82473 | AA16: ='LU-Exp (O)'!AA16*(1+Toeslagen!$Q$4) -> 375.82473 | AB16: ='LU-Exp (O)'!AB16*(1+Toeslagen!$Q$4) -> 375.82473 | AC16: ='LU-Exp (O)'!AC16*(1+Toeslagen!$Q$4) -> 375.82473 | AD16: ='LU-Exp (O)'!AD16*(1+Toeslagen!$Q$4) -> 375.82473 | AE16: ='LU-Exp (O)'!AE16*(1+Toeslagen!$Q$4) -> 375.82473 | AF16: ='LU-Exp (O)'!AF16*(1+Toeslagen!$Q$4) -> 375.82473 | ... DJ16: ='LU-Exp (O)'!DJ16*(1+Toeslagen!$Q$4) -> 375.82473
A17: 21 | B17: 21 | D17: 3 | F17: Donderdag | G17: Vrijdag | H17: Maandag | I17: Maandag | J17: Dinsdag | N17: 2.8 | O17: 4900 | Y17: ='LU-Exp (O)'!Y17*(1+Toeslagen!$Q$4) -> 397.93206 | Z17: ='LU-Exp (O)'!Z17*(1+Toeslagen!$Q$4) -> 397.93206 | AA17: ='LU-Exp (O)'!AA17*(1+Toeslagen!$Q$4) -> 397.93206 | AB17: ='LU-Exp (O)'!AB17*(1+Toeslagen!$Q$4) -> 397.93206 | AC17: ='LU-Exp (O)'!AC17*(1+Toeslagen!$Q$4) -> 397.93206 | AD17: ='LU-Exp (O)'!AD17*(1+Toeslagen!$Q$4) -> 397.93206 | AE17: ='LU-Exp (O)'!AE17*(1+Toeslagen!$Q$4) -> 397.93206 | AF17: ='LU-Exp (O)'!AF17*(1+Toeslagen!$Q$4) -> 397.93206 | ... DJ17: ='LU-Exp (O)'!DJ17*(1+Toeslagen!$Q$4) -> 397.93206
A18: 22 | B18: 22 | D18: 3 | F18: Donderdag | G18: Vrijdag | H18: Maandag | I18: Maandag | J18: Dinsdag | N18: 3 | O18: 5250 | Y18: ='LU-Exp (O)'!Y18*(1+Toeslagen!$Q$4) -> 420.0394 | Z18: ='LU-Exp (O)'!Z18*(1+Toeslagen!$Q$4) -> 420.0394 | AA18: ='LU-Exp (O)'!AA18*(1+Toeslagen!$Q$4) -> 420.0394 | AB18: ='LU-Exp (O)'!AB18*(1+Toeslagen!$Q$4) -> 420.0394 | AC18: ='LU-Exp (O)'!AC18*(1+Toeslagen!$Q$4) -> 420.0394 | AD18: ='LU-Exp (O)'!AD18*(1+Toeslagen!$Q$4) -> 420.0394 | AE18: ='LU-Exp (O)'!AE18*(1+Toeslagen!$Q$4) -> 420.0394 | AF18: ='LU-Exp (O)'!AF18*(1+Toeslagen!$Q$4) -> 420.0394 | ... DJ18: ='LU-Exp (O)'!DJ18*(1+Toeslagen!$Q$4) -> 420.0394
... A58: 62 | B58: 62 | D58: 3 | F58: Donderdag | G58: Vrijdag | H58: Maandag | I58: Maandag | J58: Dinsdag | N58: 13.6 | O58: 25000 | Y58: ='LU-Exp (O)'!Y58*(1+Toeslagen!$Q$4) -> 921.13904 | Z58: ='LU-Exp (O)'!Z58*(1+Toeslagen!$Q$4) -> 921.13904 | AA58: ='LU-Exp (O)'!AA58*(1+Toeslagen!$Q$4) -> 921.13904 | AB58: ='LU-Exp (O)'!AB58*(1+Toeslagen!$Q$4) -> 921.13904 | AC58: ='LU-Exp (O)'!AC58*(1+Toeslagen!$Q$4) -> 921.13904 | AD58: ='LU-Exp (O)'!AD58*(1+Toeslagen!$Q$4) -> 921.13904 | AE58: ='LU-Exp (O)'!AE58*(1+Toeslagen!$Q$4) -> 921.13904 | AF58: ='LU-Exp (O)'!AF58*(1+Toeslagen!$Q$4) -> 921.13904 | ... DJ58: ='LU-Exp (O)'!DJ58*(1+Toeslagen!$Q$4) -> 921.13904
A59: 63 | B59: 63 | D59: 3 | F59: Donderdag | G59: Vrijdag | H59: Maandag | I59: Maandag | J59: Dinsdag
A60: 64 | B60: 64 | D60: 3 | F60: Donderdag | G60: Vrijdag | H60: Maandag | I60: Maandag | J60: Dinsdag
A61: 65 | B61: 65 | D61: 3 | F61: Donderdag | G61: Vrijdag | H61: Maandag | I61: Maandag | J61: Dinsdag
A62: 66 | B62: 66 | D62: 3 | F62: Donderdag | G62: Vrijdag | H62: Maandag | I62: Maandag | J62: Dinsdag
A63: 67 | B63: 67 | D63: 3 | F63: Donderdag | G63: Vrijdag | H63: Maandag | I63: Maandag | J63: Dinsdag
A64: 68 | B64: 68 | D64: 3 | F64: Donderdag | G64: Vrijdag | H64: Maandag | I64: Maandag | J64: Dinsdag
A65: 69 | B65: 69 | D65: 3 | F65: Donderdag | G65: Vrijdag | H65: Maandag | I65: Maandag | J65: Dinsdag
A66: 70 | B66: 70 | D66: 3 | F66: Donderdag | G66: Vrijdag | H66: Maandag | I66: Maandag | J66: Dinsdag
A67: 71 | B67: 71 | D67: 3 | F67: Donderdag | G67: Vrijdag | H67: Maandag | I67: Maandag | J67: Dinsdag
A68: 72 | B68: 72 | D68: 3 | F68: Donderdag | G68: Vrijdag | H68: Maandag | I68: Maandag | J68: Dinsdag
A69: 73 | B69: 73 | D69: 3 | F69: Donderdag | G69: Vrijdag | H69: Maandag | I69: Maandag | J69: Dinsdag
A70: 74 | B70: 74 | D70: 3 | F70: Donderdag | G70: Vrijdag | H70: Maandag | I70: Maandag | J70: Dinsdag
... A95: 99 | B95: 99 | D95: 3 | F95: Donderdag | G95: Vrijdag | H95: Maandag | I95: Maandag | J95: Dinsdag

Sheet LU-Exp (O)
A5: Postcode | B5: Zone | C5: Afstand (km) | D5: Transitdagen | E5: Verste Locatie | F5: Laden Maandag = Lossen | G5: Laden Dinsdag = Lossen | H5: Laden Woensdag = Lossen | I5: Laden Donderdag = Lossen | J5: Laden Vrijdag = Lossen | N5: Laadmeters | O5: Gewicht | Y5: 10 | Z5: 11 | AA5: 12 | AB5: 13 | AC5: 14 | AD5: 15 | AE5: 16 | AF5: 17 | AG5: 18 | AH5: 19 | AI5: 20 | AJ5: 21 | AK5: 22 | AL5: 23 | AM5: 24 | AN5: 25 | AO5: 26 | AQ5: 28 | AR5: 29 | AS5: 30 | AT5: 31 | AU5: 32 | AV5: 33 | AW5: 34 | AX5: 35 | AY5: 36 | AZ5: 37 | BA5: 38 | BB5: 39 | BC5: 40 | BD5: 41 | BE5: 42 | BG5: 44 | BH5: 45 | BI5: 46 | BJ5: 47 | BK5: 48 | BL5: 49 | BM5: 50 | BN5: 51 | BO5: 52 | BP5: 53 | BR5: 55 | BS5: 56 | BW5: 60 | BX5: 61 | CA5: 64 | CB5: 65 | CC5: 66 | CD5: 67 | CE5: 68 | CF5: 69 | CG5: 70 | CH5: 71 | CJ5: 73 | CL5: 75 | CM5: 76 | CN5: 77 | CO5: 78 | CP5: 79 | CQ5: 80 | CS5: 82 | CT5: 83 | CU5: 84 | CV5: 85 | CW5: 86 | CX5: 87 | CY5: 88 | CZ5: 89 | DA5: 90 | DB5: 91 | DC5: 92 | DD5: 93 | DE5: 94 | DF5: 95 | DG5: 96 | DH5: 97 | DI5: 98 | DJ5: 99
A6: 10 | B6: 10 | D6: 3 | F6: Donderdag | G6: Vrijdag | H6: Maandag | I6: Maandag | J6: Dinsdag | N6: 0 | O6: 0 | Y6: Luxemburg | Z6: Luxemburg | AA6: Luxemburg | AB6: Luxemburg | AC6: Luxemburg | AD6: Luxemburg | AE6: Luxemburg | AF6: Luxemburg | AG6: Luxemburg | AH6: Luxemburg | AI6: Luxemburg | AJ6: Luxemburg | AK6: Luxemburg | AL6: Luxemburg | AM6: Luxemburg | AN6: Luxemburg | AO6: Luxemburg | AP6: Luxemburg | AQ6: Luxemburg | AR6: Luxemburg | AS6: Luxemburg | AT6: Luxemburg | AU6: Luxemburg | AV6: Luxemburg | AW6: Luxemburg | AX6: Luxemburg | AY6: Luxemburg | AZ6: Luxemburg | BA6: Luxemburg | BB6: Luxemburg | BC6: Luxemburg | BD6: Luxemburg | BE6: Luxemburg | BF6: Luxemburg | BG6: Luxemburg | BH6: Luxemburg | BI6: Luxemburg | BJ6: Luxemburg | BK6: Luxemburg | BL6: Luxemburg | BM6: Luxemburg | BN6: Luxemburg | BO6: Luxemburg | BP6: Luxemburg | BQ6: Luxemburg | BR6: Luxemburg | BS6: Luxemburg | BT6: Luxemburg | BU6: Luxemburg | BV6: Luxemburg | BW6: Luxemburg | BX6: Luxemburg | BY6: Luxemburg | BZ6: Luxemburg | CA6: Luxemburg | CB6: Luxemburg | CC6: Luxemburg | CD6: Luxemburg | CE6: Luxemburg | CF6: Luxemburg | CG6: Luxemburg | CH6: Luxemburg | CI6: Luxemburg | CJ6: Luxemburg | CK6: Luxemburg | CL6: Luxemburg | CM6: Luxemburg | CN6: Luxemburg | CO6: Luxemburg | CP6: Luxemburg | CQ6: Luxemburg | CR6: Luxemburg | CS6: Luxemburg | CT6: Luxemburg | CU6: Luxemburg | CV6: Luxemburg | CW6: Luxemburg | CX6: Luxemburg | CY6: Luxemburg | CZ6: Luxemburg | DA6: Luxemburg | DB6: Luxemburg | DC6: Luxemburg | DD6: Luxemburg | DE6: Luxemburg | DF6: Luxemburg | DG6: Luxemburg | DH6: Luxemburg | DI6: Luxemburg | DJ6: Luxemburg
A7: 11 | B7: 11 | D7: 3 | F7: Donderdag | G7: Vrijdag | H7: Maandag | I7: Maandag | J7: Dinsdag | N7: 0.4 | O7: 700 | Y7: 216.32 | Z7: 216.32 | AA7: 216.32 | AB7: 216.32 | AC7: 216.32 | AD7: 216.32 | AE7: 216.32 | AF7: 216.32 | AG7: 216.32 | AH7: 216.32 | AI7: 216.32 | AJ7: 216.32 | AK7: 216.32 | AL7: 216.32 | AM7: 216.32 | AN7: 216.32 | AO7: 216.32 | AP7: 216.32 | AQ7: 216.32 | AR7: 216.32 | AS7: 216.32 | AT7: 216.32 | AU7: 216.32 | AV7: 216.32 | AW7: 216.32 | AX7: 216.32 | AY7: 216.32 | AZ7: 216.32 | BA7: 216.32 | BB7: 216.32 | BC7: 216.32 | BD7: 216.32 | BE7: 216.32 | BF7: 216.32 | BG7: 216.32 | BH7: 216.32 | BI7: 216.32 | BJ7: 216.32 | BK7: 216.32 | BL7: 216.32 | BM7: 216.32 | BN7: 216.32 | BO7: 216.32 | BP7: 216.32 | BQ7: 216.32 | BR7: 216.32 | BS7: 216.32 | BT7: 216.32 | BU7: 216.32 | BV7: 216.32 | BW7: 216.32 | BX7: 216.32 | BY7: 216.32 | BZ7: 216.32 | CA7: 216.32 | CB7: 216.32 | CC7: 216.32 | CD7: 216.32 | CE7: 216.32 | CF7: 216.32 | CG7: 216.32 | CH7: 216.32 | CI7: 216.32 | CJ7: 216.32 | CK7: 216.32 | CL7: 216.32 | CM7: 216.32 | CN7: 216.32 | CO7: 216.32 | CP7: 216.32 | CQ7: 216.32 | CR7: 216.32 | CS7: 216.32 | CT7: 216.32 | CU7: 216.32 | CV7: 216.32 | CW7: 216.32 | CX7: 216.32 | CY7: 216.32 | CZ7: 216.32 | DA7: 216.32 | DB7: 216.32 | DC7: 216.32 | DD7: 216.32 | DE7: 216.32 | DF7: 216.32 | DG7: 216.32 | DH7: 216.32 | DI7: 216.32 | DJ7: 216.32
A8: 12 | B8: 12 | D8: 3 | F8: Donderdag | G8: Vrijdag | H8: Maandag | I8: Maandag | J8: Dinsdag | N8: 0.5 | O8: 875 | Y8: 216.9092 | Z8: 216.9092 | AA8: 216.9092 | AB8: 216.9092 | AC8: 216.9092 | AD8: 216.9092 | AE8: 216.9092 | AF8: 216.9092 | AG8: 216.9092 | AH8: 216.9092 | AI8: 216.9092 | AJ8: 216.9092 | AK8: 216.9092 | AL8: 216.9092 | AM8: 216.9092 | AN8: 216.9092 | AO8: 216.9092 | AP8: 216.9092 | AQ8: 216.9092 | AR8: 216.9092 | AS8: 216.9092 | AT8: 216.9092 | AU8: 216.9092 | AV8: 216.9092 | AW8: 216.9092 | AX8: 216.9092 | AY8: 216.9092 | AZ8: 216.9092 | BA8: 216.9092 | BB8: 216.9092 | BC8: 216.9092 | BD8: 216.9092 | BE8: 216.9092 | BF8: 216.9092 | BG8: 216.9092 | BH8: 216.9092 | BI8: 216.9092 | BJ8: 216.9092 | BK8: 216.9092 | BL8: 216.9092 | BM8: 216.9092 | BN8: 216.9092 | BO8: 216.9092 | BP8: 216.9092 | BQ8: 216.9092 | BR8: 216.9092 | BS8: 216.9092 | BT8: 216.9092 | BU8: 216.9092 | BV8: 216.9092 | BW8: 216.9092 | BX8: 216.9092 | BY8: 216.9092 | BZ8: 216.9092 | CA8: 216.9092 | CB8: 216.9092 | CC8: 216.9092 | CD8: 216.9092 | CE8: 216.9092 | CF8: 216.9092 | CG8: 216.9092 | CH8: 216.9092 | CI8: 216.9092 | CJ8: 216.9092 | CK8: 216.9092 | CL8: 216.9092 | CM8: 216.9092 | CN8: 216.9092 | CO8: 216.9092 | CP8: 216.9092 | CQ8: 216.9092 | CR8: 216.9092 | CS8: 216.9092 | CT8: 216.9092 | CU8: 216.9092 | CV8: 216.9092 | CW8: 216.9092 | CX8: 216.9092 | CY8: 216.9092 | CZ8: 216.9092 | DA8: 216.9092 | DB8: 216.9092 | DC8: 216.9092 | DD8: 216.9092 | DE8: 216.9092 | DF8: 216.9092 | DG8: 216.9092 | DH8: 216.9092 | DI8: 216.9092 | DJ8: 216.9092
A9: 13 | B9: 13 | D9: 3 | F9: Donderdag | G9: Vrijdag | H9: Maandag | I9: Maandag | J9: Dinsdag | N9: 0.8 | O9: 1400 | Y9: 236.04825 | Z9: 236.04825 | AA9: 236.04825 | AB9: 236.04825 | AC9: 236.04825 | AD9: 236.04825 | AE9: 236.04825 | AF9: 236.04825 | AG9: 236.04825 | AH9: 236.04825 | AI9: 236.04825 | AJ9: 236.04825 | AK9: 236.04825 | AL9: 236.04825 | AM9: 236.04825 | AN9: 236.04825 | AO9: 236.04825 | AP9: 236.04825 | AQ9: 236.04825 | AR9: 236.04825 | AS9: 236.04825 | AT9: 236.04825 | AU9: 236.04825 | AV9: 236.04825 | AW9: 236.04825 | AX9: 236.04825 | AY9: 236.04825 | AZ9: 236.04825 | BA9: 236.04825 | BB9: 236.04825 | BC9: 236.04825 | BD9: 236.04825 | BE9: 236.04825 | BF9: 236.04825 | BG9: 236.04825 | BH9: 236.04825 | BI9: 236.04825 | BJ9: 236.04825 | BK9: 236.04825 | BL9: 236.04825 | BM9: 236.04825 | BN9: 236.04825 | BO9: 236.04825 | BP9: 236.04825 | BQ9: 236.04825 | BR9: 236.04825 | BS9: 236.04825 | BT9: 236.04825 | BU9: 236.04825 | BV9: 236.04825 | BW9: 236.04825 | BX9: 236.04825 | BY9: 236.04825 | BZ9: 236.04825 | CA9: 236.04825 | CB9: 236.04825 | CC9: 236.04825 | CD9: 236.04825 | CE9: 236.04825 | CF9: 236.04825 | CG9: 236.04825 | CH9: 236.04825 | CI9: 236.04825 | CJ9: 236.04825 | CK9: 236.04825 | CL9: 236.04825 | CM9: 236.04825 | CN9: 236.04825 | CO9: 236.04825 | CP9: 236.04825 | CQ9: 236.04825 | CR9: 236.04825 | CS9: 236.04825 | CT9: 236.04825 | CU9: 236.04825 | CV9: 236.04825 | CW9: 236.04825 | CX9: 236.04825 | CY9: 236.04825 | CZ9: 236.04825 | DA9: 236.04825 | DB9: 236.04825 | DC9: 236.04825 | DD9: 236.04825 | DE9: 236.04825 | DF9: 236.04825 | DG9: 236.04825 | DH9: 236.04825 | DI9: 236.04825 | DJ9: 236.04825
A10: 14 | B10: 14 | D10: 3 | F10: Donderdag | G10: Vrijdag | H10: Maandag | I10: Maandag | J10: Dinsdag | N10: 1 | O10: 1750 | Y10: 248.80761 | Z10: 248.80761 | AA10: 248.80761 | AB10: 248.80761 | AC10: 248.80761 | AD10: 248.80761 | AE10: 248.80761 | AF10: 248.80761 | AG10: 248.80761 | AH10: 248.80761 | AI10: 248.80761 | AJ10: 248.80761 | AK10: 248.80761 | AL10: 248.80761 | AM10: 248.80761 | AN10: 248.80761 | AO10: 248.80761 | AP10: 248.80761 | AQ10: 248.80761 | AR10: 248.80761 | AS10: 248.80761 | AT10: 248.80761 | AU10: 248.80761 | AV10: 248.80761 | AW10: 248.80761 | AX10: 248.80761 | AY10: 248.80761 | AZ10: 248.80761 | BA10: 248.80761 | BB10: 248.80761 | BC10: 248.80761 | BD10: 248.80761 | BE10: 248.80761 | BF10: 248.80761 | BG10: 248.80761 | BH10: 248.80761 | BI10: 248.80761 | BJ10: 248.80761 | BK10: 248.80761 | BL10: 248.80761 | BM10: 248.80761 | BN10: 248.80761 | BO10: 248.80761 | BP10: 248.80761 | BQ10: 248.80761 | BR10: 248.80761 | BS10: 248.80761 | BT10: 248.80761 | BU10: 248.80761 | BV10: 248.80761 | BW10: 248.80761 | BX10: 248.80761 | BY10: 248.80761 | BZ10: 248.80761 | CA10: 248.80761 | CB10: 248.80761 | CC10: 248.80761 | CD10: 248.80761 | CE10: 248.80761 | CF10: 248.80761 | CG10: 248.80761 | CH10: 248.80761 | CI10: 248.80761 | CJ10: 248.80761 | CK10: 248.80761 | CL10: 248.80761 | CM10: 248.80761 | CN10: 248.80761 | CO10: 248.80761 | CP10: 248.80761 | CQ10: 248.80761 | CR10: 248.80761 | CS10: 248.80761 | CT10: 248.80761 | CU10: 248.80761 | CV10: 248.80761 | CW10: 248.80761 | CX10: 248.80761 | CY10: 248.80761 | CZ10: 248.80761 | DA10: 248.80761 | DB10: 248.80761 | DC10: 248.80761 | DD10: 248.80761 | DE10: 248.80761 | DF10: 248.80761 | DG10: 248.80761 | DH10: 248.80761 | DI10: 248.80761 | DJ10: 248.80761
A11: 15 | B11: 15 | D11: 3 | F11: Donderdag | G11: Vrijdag | H11: Maandag | I11: Maandag | J11: Dinsdag | N11: 1.2 | O11: 2100 | Y11: 265.28804 | Z11: 265.28804 | AA11: 265.28804 | AB11: 265.28804 | AC11: 265.28804 | AD11: 265.28804 | AE11: 265.28804 | AF11: 265.28804 | AG11: 265.28804 | AH11: 265.28804 | AI11: 265.28804 | AJ11: 265.28804 | AK11: 265.28804 | AL11: 265.28804 | AM11: 265.28804 | AN11: 265.28804 | AO11: 265.28804 | AP11: 265.28804 | AQ11: 265.28804 | AR11: 265.28804 | AS11: 265.28804 | AT11: 265.28804 | AU11: 265.28804 | AV11: 265.28804 | AW11: 265.28804 | AX11: 265.28804 | AY11: 265.28804 | AZ11: 265.28804 | BA11: 265.28804 | BB11: 265.28804 | BC11: 265.28804 | BD11: 265.28804 | BE11: 265.28804 | BF11: 265.28804 | BG11: 265.28804 | BH11: 265.28804 | BI11: 265.28804 | BJ11: 265.28804 | BK11: 265.28804 | BL11: 265.28804 | BM11: 265.28804 | BN11: 265.28804 | BO11: 265.28804 | BP11: 265.28804 | BQ11: 265.28804 | BR11: 265.28804 | BS11: 265.28804 | BT11: 265.28804 | BU11: 265.28804 | BV11: 265.28804 | BW11: 265.28804 | BX11: 265.28804 | BY11: 265.28804 | BZ11: 265.28804 | CA11: 265.28804 | CB11: 265.28804 | CC11: 265.28804 | CD11: 265.28804 | CE11: 265.28804 | CF11: 265.28804 | CG11: 265.28804 | CH11: 265.28804 | CI11: 265.28804 | CJ11: 265.28804 | CK11: 265.28804 | CL11: 265.28804 | CM11: 265.28804 | CN11: 265.28804 | CO11: 265.28804 | CP11: 265.28804 | CQ11: 265.28804 | CR11: 265.28804 | CS11: 265.28804 | CT11: 265.28804 | CU11: 265.28804 | CV11: 265.28804 | CW11: 265.28804 | CX11: 265.28804 | CY11: 265.28804 | CZ11: 265.28804 | DA11: 265.28804 | DB11: 265.28804 | DC11: 265.28804 | DD11: 265.28804 | DE11: 265.28804 | DF11: 265.28804 | DG11: 265.28804 | DH11: 265.28804 | DI11: 265.28804 | DJ11: 265.28804
A12: 16 | B12: 16 | D12: 3 | F12: Donderdag | G12: Vrijdag | H12: Maandag | I12: Maandag | J12: Dinsdag | N12: 1.5 | O12: 2625 | Y12: 287.39538 | Z12: 287.39538 | AA12: 287.39538 | AB12: 287.39538 | AC12: 287.39538 | AD12: 287.39538 | AE12: 287.39538 | AF12: 287.39538 | AG12: 287.39538 | AH12: 287.39538 | AI12: 287.39538 | AJ12: 287.39538 | AK12: 287.39538 | AL12: 287.39538 | AM12: 287.39538 | AN12: 287.39538 | AO12: 287.39538 | AP12: 287.39538 | AQ12: 287.39538 | AR12: 287.39538 | AS12: 287.39538 | AT12: 287.39538 | AU12: 287.39538 | AV12: 287.39538 | AW12: 287.39538 | AX12: 287.39538 | AY12: 287.39538 | AZ12: 287.39538 | BA12: 287.39538 | BB12: 287.39538 | BC12: 287.39538 | BD12: 287.39538 | BE12: 287.39538 | BF12: 287.39538 | BG12: 287.39538 | BH12: 287.39538 | BI12: 287.39538 | BJ12: 287.39538 | BK12: 287.39538 | BL12: 287.39538 | BM12: 287.39538 | BN12: 287.39538 | BO12: 287.39538 | BP12: 287.39538 | BQ12: 287.39538 | BR12: 287.39538 | BS12: 287.39538 | BT12: 287.39538 | BU12: 287.39538 | BV12: 287.39538 | BW12: 287.39538 | BX12: 287.39538 | BY12: 287.39538 | BZ12: 287.39538 | CA12: 287.39538 | CB12: 287.39538 | CC12: 287.39538 | CD12: 287.39538 | CE12: 287.39538 | CF12: 287.39538 | CG12: 287.39538 | CH12: 287.39538 | CI12: 287.39538 | CJ12: 287.39538 | CK12: 287.39538 | CL12: 287.39538 | CM12: 287.39538 | CN12: 287.39538 | CO12: 287.39538 | CP12: 287.39538 | CQ12: 287.39538 | CR12: 287.39538 | CS12: 287.39538 | CT12: 287.39538 | CU12: 287.39538 | CV12: 287.39538 | CW12: 287.39538 | CX12: 287.39538 | CY12: 287.39538 | CZ12: 287.39538 | DA12: 287.39538 | DB12: 287.39538 | DC12: 287.39538 | DD12: 287.39538 | DE12: 287.39538 | DF12: 287.39538 | DG12: 287.39538 | DH12: 287.39538 | DI12: 287.39538 | DJ12: 287.39538
A13: 17 | B13: 17 | D13: 3 | F13: Donderdag | G13: Vrijdag | H13: Maandag | I13: Maandag | J13: Dinsdag | N13: 1.6 | O13: 2800 | Y13: 309.50272 | Z13: 309.50272 | AA13: 309.50272 | AB13: 309.50272 | AC13: 309.50272 | AD13: 309.50272 | AE13: 309.50272 | AF13: 309.50272 | AG13: 309.50272 | AH13: 309.50272 | AI13: 309.50272 | AJ13: 309.50272 | AK13: 309.50272 | AL13: 309.50272 | AM13: 309.50272 | AN13: 309.50272 | AO13: 309.50272 | AP13: 309.50272 | AQ13: 309.50272 | AR13: 309.50272 | AS13: 309.50272 | AT13: 309.50272 | AU13: 309.50272 | AV13: 309.50272 | AW13: 309.50272 | AX13: 309.50272 | AY13: 309.50272 | AZ13: 309.50272 | BA13: 309.50272 | BB13: 309.50272 | BC13: 309.50272 | BD13: 309.50272 | BE13: 309.50272 | BF13: 309.50272 | BG13: 309.50272 | BH13: 309.50272 | BI13: 309.50272 | BJ13: 309.50272 | BK13: 309.50272 | BL13: 309.50272 | BM13: 309.50272 | BN13: 309.50272 | BO13: 309.50272 | BP13: 309.50272 | BQ13: 309.50272 | BR13: 309.50272 | BS13: 309.50272 | BT13: 309.50272 | BU13: 309.50272 | BV13: 309.50272 | BW13: 309.50272 | BX13: 309.50272 | BY13: 309.50272 | BZ13: 309.50272 | CA13: 309.50272 | CB13: 309.50272 | CC13: 309.50272 | CD13: 309.50272 | CE13: 309.50272 | CF13: 309.50272 | CG13: 309.50272 | CH13: 309.50272 | CI13: 309.50272 | CJ13: 309.50272 | CK13: 309.50272 | CL13: 309.50272 | CM13: 309.50272 | CN13: 309.50272 | CO13: 309.50272 | CP13: 309.50272 | CQ13: 309.50272 | CR13: 309.50272 | CS13: 309.50272 | CT13: 309.50272 | CU13: 309.50272 | CV13: 309.50272 | CW13: 309.50272 | CX13: 309.50272 | CY13: 309.50272 | CZ13: 309.50272 | DA13: 309.50272 | DB13: 309.50272 | DC13: 309.50272 | DD13: 309.50272 | DE13: 309.50272 | DF13: 309.50272 | DG13: 309.50272 | DH13: 309.50272 | DI13: 309.50272 | DJ13: 309.50272
A14: 18 | B14: 18 | D14: 3 | F14: Donderdag | G14: Vrijdag | H14: Maandag | I14: Maandag | J14: Dinsdag | N14: 2 | O14: 3500 | Y14: 331.61005 | Z14: 331.61005 | AA14: 331.61005 | AB14: 331.61005 | AC14: 331.61005 | AD14: 331.61005 | AE14: 331.61005 | AF14: 331.61005 | AG14: 331.61005 | AH14: 331.61005 | AI14: 331.61005 | AJ14: 331.61005 | AK14: 331.61005 | AL14: 331.61005 | AM14: 331.61005 | AN14: 331.61005 | AO14: 331.61005 | AP14: 331.61005 | AQ14: 331.61005 | AR14: 331.61005 | AS14: 331.61005 | AT14: 331.61005 | AU14: 331.61005 | AV14: 331.61005 | AW14: 331.61005 | AX14: 331.61005 | AY14: 331.61005 | AZ14: 331.61005 | BA14: 331.61005 | BB14: 331.61005 | BC14: 331.61005 | BD14: 331.61005 | BE14: 331.61005 | BF14: 331.61005 | BG14: 331.61005 | BH14: 331.61005 | BI14: 331.61005 | BJ14: 331.61005 | BK14: 331.61005 | BL14: 331.61005 | BM14: 331.61005 | BN14: 331.61005 | BO14: 331.61005 | BP14: 331.61005 | BQ14: 331.61005 | BR14: 331.61005 | BS14: 331.61005 | BT14: 331.61005 | BU14: 331.61005 | BV14: 331.61005 | BW14: 331.61005 | BX14: 331.61005 | BY14: 331.61005 | BZ14: 331.61005 | CA14: 331.61005 | CB14: 331.61005 | CC14: 331.61005 | CD14: 331.61005 | CE14: 331.61005 | CF14: 331.61005 | CG14: 331.61005 | CH14: 331.61005 | CI14: 331.61005 | CJ14: 331.61005 | CK14: 331.61005 | CL14: 331.61005 | CM14: 331.61005 | CN14: 331.61005 | CO14: 331.61005 | CP14: 331.61005 | CQ14: 331.61005 | CR14: 331.61005 | CS14: 331.61005 | CT14: 331.61005 | CU14: 331.61005 | CV14: 331.61005 | CW14: 331.61005 | CX14: 331.61005 | CY14: 331.61005 | CZ14: 331.61005 | DA14: 331.61005 | DB14: 331.61005 | DC14: 331.61005 | DD14: 331.61005 | DE14: 331.61005 | DF14: 331.61005 | DG14: 331.61005 | DH14: 331.61005 | DI14: 331.61005 | DJ14: 331.61005
A15: 19 | B15: 19 | D15: 3 | F15: Donderdag | G15: Vrijdag | H15: Maandag | I15: Maandag | J15: Dinsdag | N15: 2.4 | O15: 4200 | Y15: 353.71739 | Z15: 353.71739 | AA15: 353.71739 | AB15: 353.71739 | AC15: 353.71739 | AD15: 353.71739 | AE15: 353.71739 | AF15: 353.71739 | AG15: 353.71739 | AH15: 353.71739 | AI15: 353.71739 | AJ15: 353.71739 | AK15: 353.71739 | AL15: 353.71739 | AM15: 353.71739 | AN15: 353.71739 | AO15: 353.71739 | AP15: 353.71739 | AQ15: 353.71739 | AR15: 353.71739 | AS15: 353.71739 | AT15: 353.71739 | AU15: 353.71739 | AV15: 353.71739 | AW15: 353.71739 | AX15: 353.71739 | AY15: 353.71739 | AZ15: 353.71739 | BA15: 353.71739 | BB15: 353.71739 | BC15: 353.71739 | BD15: 353.71739 | BE15: 353.71739 | BF15: 353.71739 | BG15: 353.71739 | BH15: 353.71739 | BI15: 353.71739 | BJ15: 353.71739 | BK15: 353.71739 | BL15: 353.71739 | BM15: 353.71739 | BN15: 353.71739 | BO15: 353.71739 | BP15: 353.71739 | BQ15: 353.71739 | BR15: 353.71739 | BS15: 353.71739 | BT15: 353.71739 | BU15: 353.71739 | BV15: 353.71739 | BW15: 353.71739 | BX15: 353.71739 | BY15: 353.71739 | BZ15: 353.71739 | CA15: 353.71739 | CB15: 353.71739 | CC15: 353.71739 | CD15: 353.71739 | CE15: 353.71739 | CF15: 353.71739 | CG15: 353.71739 | CH15: 353.71739 | CI15: 353.71739 | CJ15: 353.71739 | CK15: 353.71739 | CL15: 353.71739 | CM15: 353.71739 | CN15: 353.71739 | CO15: 353.71739 | CP15: 353.71739 | CQ15: 353.71739 | CR15: 353.71739 | CS15: 353.71739 | CT15: 353.71739 | CU15: 353.71739 | CV15: 353.71739 | CW15: 353.71739 | CX15: 353.71739 | CY15: 353.71739 | CZ15: 353.71739 | DA15: 353.71739 | DB15: 353.71739 | DC15: 353.71739 | DD15: 353.71739 | DE15: 353.71739 | DF15: 353.71739 | DG15: 353.71739 | DH15: 353.71739 | DI15: 353.71739 | DJ15: 353.71739
A16: 20 | B16: 20 | D16: 3 | F16: Donderdag | G16: Vrijdag | H16: Maandag | I16: Maandag | J16: Dinsdag | N16: 2.5 | O16: 4375 | Y16: 375.82473 | Z16: 375.82473 | AA16: 375.82473 | AB16: 375.82473 | AC16: 375.82473 | AD16: 375.82473 | AE16: 375.82473 | AF16: 375.82473 | AG16: 375.82473 | AH16: 375.82473 | AI16: 375.82473 | AJ16: 375.82473 | AK16: 375.82473 | AL16: 375.82473 | AM16: 375.82473 | AN16: 375.82473 | AO16: 375.82473 | AP16: 375.82473 | AQ16: 375.82473 | AR16: 375.82473 | AS16: 375.82473 | AT16: 375.82473 | AU16: 375.82473 | AV16: 375.82473 | AW16: 375.82473 | AX16: 375.82473 | AY16: 375.82473 | AZ16: 375.82473 | BA16: 375.82473 | BB16: 375.82473 | BC16: 375.82473 | BD16: 375.82473 | BE16: 375.82473 | BF16: 375.82473 | BG16: 375.82473 | BH16: 375.82473 | BI16: 375.82473 | BJ16: 375.82473 | BK16: 375.82473 | BL16: 375.82473 | BM16: 375.82473 | BN16: 375.82473 | BO16: 375.82473 | BP16: 375.82473 | BQ16: 375.82473 | BR16: 375.82473 | BS16: 375.82473 | BT16: 375.82473 | BU16: 375.82473 | BV16: 375.82473 | BW16: 375.82473 | BX16: 375.82473 | BY16: 375.82473 | BZ16: 375.82473 | CA16: 375.82473 | CB16: 375.82473 | CC16: 375.82473 | CD16: 375.82473 | CE16: 375.82473 | CF16: 375.82473 | CG16: 375.82473 | CH16: 375.82473 | CI16: 375.82473 | CJ16: 375.82473 | CK16: 375.82473 | CL16: 375.82473 | CM16: 375.82473 | CN16: 375.82473 | CO16: 375.82473 | CP16: 375.82473 | CQ16: 375.82473 | CR16: 375.82473 | CS16: 375.82473 | CT16: 375.82473 | CU16: 375.82473 | CV16: 375.82473 | CW16: 375.82473 | CX16: 375.82473 | CY16: 375.82473 | CZ16: 375.82473 | DA16: 375.82473 | DB16: 375.82473 | DC16: 375.82473 | DD16: 375.82473 | DE16: 375.82473 | DF16: 375.82473 | DG16: 375.82473 | DH16: 375.82473 | DI16: 375.82473 | DJ16: 375.82473
A17: 21 | B17: 21 | D17: 3 | F17: Donderdag | G17: Vrijdag | H17: Maandag | I17: Maandag | J17: Dinsdag | N17: 2.8 | O17: 4900 | Y17: 397.93206 | Z17: 397.93206 | AA17: 397.93206 | AB17: 397.93206 | AC17: 397.93206 | AD17: 397.93206 | AE17: 397.93206 | AF17: 397.93206 | AG17: 397.93206 | AH17: 397.93206 | AI17: 397.93206 | AJ17: 397.93206 | AK17: 397.93206 | AL17: 397.93206 | AM17: 397.93206 | AN17: 397.93206 | AO17: 397.93206 | AP17: 397.93206 | AQ17: 397.93206 | AR17: 397.93206 | AS17: 397.93206 | AT17: 397.93206 | AU17: 397.93206 | AV17: 397.93206 | AW17: 397.93206 | AX17: 397.93206 | AY17: 397.93206 | AZ17: 397.93206 | BA17: 397.93206 | BB17: 397.93206 | BC17: 397.93206 | BD17: 397.93206 | BE17: 397.93206 | BF17: 397.93206 | BG17: 397.93206 | BH17: 397.93206 | BI17: 397.93206 | BJ17: 397.93206 | BK17: 397.93206 | BL17: 397.93206 | BM17: 397.93206 | BN17: 397.93206 | BO17: 397.93206 | BP17: 397.93206 | BQ17: 397.93206 | BR17: 397.93206 | BS17: 397.93206 | BT17: 397.93206 | BU17: 397.93206 | BV17: 397.93206 | BW17: 397.93206 | BX17: 397.93206 | BY17: 397.93206 | BZ17: 397.93206 | CA17: 397.93206 | CB17: 397.93206 | CC17: 397.93206 | CD17: 397.93206 | CE17: 397.93206 | CF17: 397.93206 | CG17: 397.93206 | CH17: 397.93206 | CI17: 397.93206 | CJ17: 397.93206 | CK17: 397.93206 | CL17: 397.93206 | CM17: 397.93206 | CN17: 397.93206 | CO17: 397.93206 | CP17: 397.93206 | CQ17: 397.93206 | CR17: 397.93206 | CS17: 397.93206 | CT17: 397.93206 | CU17: 397.93206 | CV17: 397.93206 | CW17: 397.93206 | CX17: 397.93206 | CY17: 397.93206 | CZ17: 397.93206 | DA17: 397.93206 | DB17: 397.93206 | DC17: 397.93206 | DD17: 397.93206 | DE17: 397.93206 | DF17: 397.93206 | DG17: 397.93206 | DH17: 397.93206 | DI17: 397.93206 | DJ17: 397.93206
A18: 22 | B18: 22 | D18: 3 | F18: Donderdag | G18: Vrijdag | H18: Maandag | I18: Maandag | J18: Dinsdag | N18: 3 | O18: 5250 | Y18: 420.0394 | Z18: 420.0394 | AA18: 420.0394 | AB18: 420.0394 | AC18: 420.0394 | AD18: 420.0394 | AE18: 420.0394 | AF18: 420.0394 | AG18: 420.0394 | AH18: 420.0394 | AI18: 420.0394 | AJ18: 420.0394 | AK18: 420.0394 | AL18: 420.0394 | AM18: 420.0394 | AN18: 420.0394 | AO18: 420.0394 | AP18: 420.0394 | AQ18: 420.0394 | AR18: 420.0394 | AS18: 420.0394 | AT18: 420.0394 | AU18: 420.0394 | AV18: 420.0394 | AW18: 420.0394 | AX18: 420.0394 | AY18: 420.0394 | AZ18: 420.0394 | BA18: 420.0394 | BB18: 420.0394 | BC18: 420.0394 | BD18: 420.0394 | BE18: 420.0394 | BF18: 420.0394 | BG18: 420.0394 | BH18: 420.0394 | BI18: 420.0394 | BJ18: 420.0394 | BK18: 420.0394 | BL18: 420.0394 | BM18: 420.0394 | BN18: 420.0394 | BO18: 420.0394 | BP18: 420.0394 | BQ18: 420.0394 | BR18: 420.0394 | BS18: 420.0394 | BT18: 420.0394 | BU18: 420.0394 | BV18: 420.0394 | BW18: 420.0394 | BX18: 420.0394 | BY18: 420.0394 | BZ18: 420.0394 | CA18: 420.0394 | CB18: 420.0394 | CC18: 420.0394 | CD18: 420.0394 | CE18: 420.0394 | CF18: 420.0394 | CG18: 420.0394 | CH18: 420.0394 | CI18: 420.0394 | CJ18: 420.0394 | CK18: 420.0394 | CL18: 420.0394 | CM18: 420.0394 | CN18: 420.0394 | CO18: 420.0394 | CP18: 420.0394 | CQ18: 420.0394 | CR18: 420.0394 | CS18: 420.0394 | CT18: 420.0394 | CU18: 420.0394 | CV18: 420.0394 | CW18: 420.0394 | CX18: 420.0394 | CY18: 420.0394 | CZ18: 420.0394 | DA18: 420.0394 | DB18: 420.0394 | DC18: 420.0394 | DD18: 420.0394 | DE18: 420.0394 | DF18: 420.0394 | DG18: 420.0394 | DH18: 420.0394 | DI18: 420.0394 | DJ18: 420.0394
... A58: 62 | B58: 62 | D58: 3 | F58: Donderdag | G58: Vrijdag | H58: Maandag | I58: Maandag | J58: Dinsdag | N58: 13.6 | O58: 25000 | Y58: 921.13904 | Z58: 921.13904 | AA58: 921.13904 | AB58: 921.13904 | AC58: 921.13904 | AD58: 921.13904 | AE58: 921.13904 | AF58: 921.13904 | AG58: 921.13904 | AH58: 921.13904 | AI58: 921.13904 | AJ58: 921.13904 | AK58: 921.13904 | AL58: 921.13904 | AM58: 921.13904 | AN58: 921.13904 | AO58: 921.13904 | AP58: 921.13904 | AQ58: 921.13904 | AR58: 921.13904 | AS58: 921.13904 | AT58: 921.13904 | AU58: 921.13904 | AV58: 921.13904 | AW58: 921.13904 | AX58: 921.13904 | AY58: 921.13904 | AZ58: 921.13904 | BA58: 921.13904 | BB58: 921.13904 | BC58: 921.13904 | BD58: 921.13904 | BE58: 921.13904 | BF58: 921.13904 | BG58: 921.13904 | BH58: 921.13904 | BI58: 921.13904 | BJ58: 921.13904 | BK58: 921.13904 | BL58: 921.13904 | BM58: 921.13904 | BN58: 921.13904 | BO58: 921.13904 | BP58: 921.13904 | BQ58: 921.13904 | BR58: 921.13904 | BS58: 921.13904 | BT58: 921.13904 | BU58: 921.13904 | BV58: 921.13904 | BW58: 921.13904 | BX58: 921.13904 | BY58: 921.13904 | BZ58: 921.13904 | CA58: 921.13904 | CB58: 921.13904 | CC58: 921.13904 | CD58: 921.13904 | CE58: 921.13904 | CF58: 921.13904 | CG58: 921.13904 | CH58: 921.13904 | CI58: 921.13904 | CJ58: 921.13904 | CK58: 921.13904 | CL58: 921.13904 | CM58: 921.13904 | CN58: 921.13904 | CO58: 921.13904 | CP58: 921.13904 | CQ58: 921.13904 | CR58: 921.13904 | CS58: 921.13904 | CT58: 921.13904 | CU58: 921.13904 | CV58: 921.13904 | CW58: 921.13904 | CX58: 921.13904 | CY58: 921.13904 | CZ58: 921.13904 | DA58: 921.13904 | DB58: 921.13904 | DC58: 921.13904 | DD58: 921.13904 | DE58: 921.13904 | DF58: 921.13904 | DG58: 921.13904 | DH58: 921.13904 | DI58: 921.13904 | DJ58: 921.13904
A59: 63 | B59: 63 | D59: 3 | F59: Donderdag | G59: Vrijdag | H59: Maandag | I59: Maandag | J59: Dinsdag
A60: 64 | B60: 64 | D60: 3 | F60: Donderdag | G60: Vrijdag | H60: Maandag | I60: Maandag | J60: Dinsdag
A61: 65 | B61: 65 | D61: 3 | F61: Donderdag | G61: Vrijdag | H61: Maandag | I61: Maandag | J61: Dinsdag
A62: 66 | B62: 66 | D62: 3 | F62: Donderdag | G62: Vrijdag | H62: Maandag | I62: Maandag | J62: Dinsdag
A63: 67 | B63: 67 | D63: 3 | F63: Donderdag | G63: Vrijdag | H63: Maandag | I63: Maandag | J63: Dinsdag
A64: 68 | B64: 68 | D64: 3 | F64: Donderdag | G64: Vrijdag | H64: Maandag | I64: Maandag | J64: Dinsdag
A65: 69 | B65: 69 | D65: 3 | F65: Donderdag | G65: Vrijdag | H65: Maandag | I65: Maandag | J65: Dinsdag
A66: 70 | B66: 70 | D66: 3 | F66: Donderdag | G66: Vrijdag | H66: Maandag | I66: Maandag | J66: Dinsdag
A67: 71 | B67: 71 | D67: 3 | F67: Donderdag | G67: Vrijdag | H67: Maandag | I67: Maandag | J67: Dinsdag
A68: 72 | B68: 72 | D68: 3 | F68: Donderdag | G68: Vrijdag | H68: Maandag | I68: Maandag | J68: Dinsdag
A69: 73 | B69: 73 | D69: 3 | F69: Donderdag | G69: Vrijdag | H69: Maandag | I69: Maandag | J69: Dinsdag
A70: 74 | B70: 74 | D70: 3 | F70: Donderdag | G70: Vrijdag | H70: Maandag | I70: Maandag | J70: Dinsdag
... A95: 99 | B95: 99 | D95: 3 | F95: Donderdag | G95: Vrijdag | H95: Maandag | I95: Maandag | J95: Dinsdag

Sheet FR-Exp
A5: Postcode | B5: Zone | C5: Afstand (km) | D5: Transitdagen | E5: Verste Locatie | F5: Laden Maandag = Lossen | G5: Laden Dinsdag = Lossen | H5: Laden Woensdag = Lossen | I5: Laden Donderdag = Lossen | J5: Laden Vrijdag = Lossen | M5: EXPORT | N5: Laadmeters | O5: Gewicht | P5: 1 | Q5: 2 | R5: 3 | S5: 4 | T5: 5 | U5: 6 | V5: 7 | W5: 8 | X5: 9 | Y5: 10 | Z5: 11 | AA5: 12 | AB5: 13 | AC5: 14 | AD5: 15 | AE5: 16 | AF5: 17 | AG5: 18 | AH5: 19 | AJ5: 21 | AK5: 22 | AL5: 23 | AM5: 24 | AN5: 25 | AO5: 26 | AP5: 27 | AQ5: 28 | AR5: 29 | AS5: 30 | AT5: 31 | AU5: 32 | AV5: 33 | AW5: 34 | AX5: 35 | AY5: 36 | AZ5: 37 | BA5: 38 | BB5: 39 | BC5: 40 | BD5: 41 | BE5: 42 | BF5: 43 | BG5: 44 | BH5: 45 | BI5: 46 | BJ5: 47 | BK5: 48 | BL5: 49 | BM5: 50 | BN5: 51 | BO5: 52 | BP5: 53 | BQ5: 54 | BR5: 55 | BS5: 56 | BT5: 57 | BU5: 58 | BV5: 59 | BW5: 60 | BX5: 61 | BY5: 62 | BZ5: 63 | CA5: 64 | CB5: 65 | CC5: 66 | CD5: 67 | CE5: 68 | CF5: 69 | CG5: 70 | CH5: 71 | CI5: 72 | CJ5: 73 | CK5: 74 | CL5: 75 | CM5: 76 | CN5: 77 | CO5: 78 | CP5: 79 | CQ5: 80 | CR5: 81 | CS5: 82 | CT5: 83 | CU5: 84 | CV5: 85 | CW5: 86 | CX5: 87 | CY5: 88 | CZ5: 89 | DA5: 90 | DB5: 91 | DC5: 92 | DD5: 93 | DE5: 94 | DF5: 95
A6: 1 | B6: 1 | D6: 4 | F6: Donderdag | G6: Vrijdag | H6: Dinsdag | I6: Dinsdag | J6: Dinsdag | N6: 0 | O6: 0 | P6: Bourg-en-Bresse | Q6: Laon | R6: Moulins | S6: Digne | T6: Gap | U6: Nice | V6: Privas | W6: Charleville Mazieres | X6: Foix | Y6: Troyes | Z6: Carcassonne | AA6: Rodez | AB6: Marseille | AC6: Caen | AD6: Aurillac | AE6: Angouleme | AF6: La Rochelle | AG6: Bourges | AH6: Tulle | AI6: Corsica | AJ6: Dijon | AK6: St Brieuc | AL6: Gueret | AM6: Perigueux | AN6: Besancon | AO6: Valence | AP6: Evreux | AQ6: Chartres | AR6: Quimper | AS6: Nimes | AT6: Toulouse | AU6: Auch | AV6: Bordeaux | AW6: Montpellier | AX6: Rennes | AY6: Chateauroux | AZ6: Tours | BA6: Grenoble | BB6: Lons-le-Saunier | BC6: Mont-de-Marsan | BD6: Blois | BE6: St-Etienne | BF6: Le Puy-en-Velay | BG6: Nantes | BH6: Orleans | BI6: Cahors | BJ6: Agen | BK6: Mende | BL6: Angers | BM6: St Lo | BN6: Chalons-sur-Marne | BO6: Chaumont | BP6: Laval | BQ6: Nancy | BR6: Bar-le-Duc | BS6: Vannes | BT6: Metz | BU6: Nevers | BV6: Lille | BW6: Beauvais | BX6: Alencon | BY6: Arras | BZ6: Clermont-Ferrand | CA6: Pau | CB6: Tarbes | CC6: Perpignan | CD6: Strasbourg | CE6: Colmar | CF6: Lyon | CG6: Vesoul | CH6: Macon | CI6: Le Mans | CJ6: Chambery | CK6: Annecy | CL6: Paris | CM6: Rouen | CN6: Melun | CO6: Versailles | CP6: Niort | CQ6: Amiens | CR6: Albi | CS6: Montauban | CT6: Toulon | CU6: Avignon | CV6: La Roche-sur-Yon | CW6: Poitiers | CX6: Limoges | CY6: Epinal | CZ6: Auxerre | DA6: Belfort | DB6: Evry | DC6: Paris | DD6: Bobigny | DE6: Paris | DF6: Pontoise
A7: 2 | B7: 2 | D7: 2 | F7: Woensdag | G7: Donderdag | H7: Vrijdag | I7: Maandag | J7: Maandag | N7: 0.4 | O7: 700 | P7: ='FR-Exp (O)'!P7*(1+Toeslagen!$Q$9) -> 291.4912 | Q7: ='FR-Exp (O)'!Q7*(1+Toeslagen!$Q$9) -> 183.872 | R7: ='FR-Exp (O)'!R7*(1+Toeslagen!$Q$9) -> 297.44 | S7: ='FR-Exp (O)'!S7*(1+Toeslagen!$Q$9) -> 459.68 | T7: ='FR-Exp (O)'!T7*(1+Toeslagen!$Q$9) -> 459.68 | U7: ='FR-Exp (O)'!U7*(1+Toeslagen!$Q$9) -> 411.008 | V7: ='FR-Exp (O)'!V7*(1+Toeslagen!$Q$9) -> 351.52 | W7: ='FR-Exp (O)'!W7*(1+Toeslagen!$Q$9) -> 173.056 | ... DF7: ='FR-Exp (O)'!DF7*(1+Toeslagen!$Q$9) -> 205.504
A8: 3 | B8: 3 | D8: 4 | F8: Donderdag | G8: Vrijdag | H8: Dinsdag | I8: Dinsdag | J8: Dinsdag | N8: 0.5 | O8: 875 | P8: ='FR-Exp (O)'!P8*(1+Toeslagen!$Q$9) -> 317.9904 | Q8: ='FR-Exp (O)'!Q8*(1+Toeslagen!$Q$9) -> 205.504 | R8: ='FR-Exp (O)'!R8*(1+Toeslagen!$Q$9) -> 324.48 | S8: ='FR-Exp (O)'!S8*(1+Toeslagen!$Q$9) -> 486.72 | T8: ='FR-Exp (O)'!T8*(1+Toeslagen!$Q$9) -> 486.72 | U8: ='FR-Exp (O)'!U8*(1+Toeslagen!$Q$9) -> 443.456 | V8: ='FR-Exp (O)'!V8*(1+Toeslagen!$Q$9) -> 378.56 | W8: ='FR-Exp (O)'!W8*(1+Toeslagen!$Q$9) -> 194.688 | ... DF8: ='FR-Exp (O)'!DF8*(1+Toeslagen!$Q$9) -> 227.136
A9: 4 | B9: 4 | D9: 5 | F9: Vrijdag | G9: Dinsdag | H9: Dinsdag | I9: Woensdag | J9: Woensdag | N9: 0.8 | O9: 1400 | P9: ='FR-Exp (O)'!P9*(1+Toeslagen!$Q$9) -> 365.68896 | Q9: ='FR-Exp (O)'!Q9*(1+Toeslagen!$Q$9) -> 227.136 | R9: ='FR-Exp (O)'!R9*(1+Toeslagen!$Q$9) -> 373.152 | S9: ='FR-Exp (O)'!S9*(1+Toeslagen!$Q$9) -> 535.392 | T9: ='FR-Exp (O)'!T9*(1+Toeslagen!$Q$9) -> 535.392 | U9: ='FR-Exp (O)'!U9*(1+Toeslagen!$Q$9) -> 497.536 | V9: ='FR-Exp (O)'!V9*(1+Toeslagen!$Q$9) -> 421.824 | W9: ='FR-Exp (O)'!W9*(1+Toeslagen!$Q$9) -> 210.912 | ... DF9: ='FR-Exp (O)'!DF9*(1+Toeslagen!$Q$9) -> 248.768
A10: 5 | B10: 5 | D10: 5 | F10: Vrijdag | G10: Dinsdag | H10: Dinsdag | I10: Woensdag | J10: Woensdag | N10: 1 | O10: 1750 | P10: ='FR-Exp (O)'!P10*(1+Toeslagen!$Q$9) -> 402.78784 | Q10: ='FR-Exp (O)'!Q10*(1+Toeslagen!$Q$9) -> 242.2784 | R10: ='FR-Exp (O)'!R10*(1+Toeslagen!$Q$9) -> 411.008 | S10: ='FR-Exp (O)'!S10*(1+Toeslagen!$Q$9) -> 567.84 | T10: ='FR-Exp (O)'!T10*(1+Toeslagen!$Q$9) -> 567.84 | U10: ='FR-Exp (O)'!U10*(1+Toeslagen!$Q$9) -> 540.8 | V10: ='FR-Exp (O)'!V10*(1+Toeslagen!$Q$9) -> 470.496 | W10: ='FR-Exp (O)'!W10*(1+Toeslagen!$Q$9) -> 227.136 | ... DF10: ='FR-Exp (O)'!DF10*(1+Toeslagen!$Q$9) -> 270.4
A11: 6 | B11: 6 | D11: 5 | F11: Vrijdag | G11: Dinsdag | H11: Woensdag | I11: Woensdag | J11: Woensdag | N11: 1.2 | O11: 2100 | P11: ='FR-Exp (O)'!P11*(1+Toeslagen!$Q$9) -> 439.88672 | Q11: ='FR-Exp (O)'!Q11*(1+Toeslagen!$Q$9) -> 254.176 | R11: ='FR-Exp (O)'!R11*(1+Toeslagen!$Q$9) -> 448.864 | S11: ='FR-Exp (O)'!S11*(1+Toeslagen!$Q$9) -> 621.92 | T11: ='FR-Exp (O)'!T11*(1+Toeslagen!$Q$9) -> 621.92 | U11: ='FR-Exp (O)'!U11*(1+Toeslagen!$Q$9) -> 584.064 | V11: ='FR-Exp (O)'!V11*(1+Toeslagen!$Q$9) -> 508.352 | W11: ='FR-Exp (O)'!W11*(1+Toeslagen!$Q$9) -> 242.2784 | ... DF11: ='FR-Exp (O)'!DF11*(1+Toeslagen!$Q$9) -> 292.032
A12: 7 | B12: 7 | D12: 5 | F12: Vrijdag | G12: Dinsdag | H12: Dinsdag | I12: Woensdag | J12: Woensdag | N12: 1.5 | O12: 2625 | P12: ='FR-Exp (O)'!P12*(1+Toeslagen!$Q$9) -> 471.68576 | Q12: ='FR-Exp (O)'!Q12*(1+Toeslagen!$Q$9) -> 270.4 | R12: ='FR-Exp (O)'!R12*(1+Toeslagen!$Q$9) -> 481.312 | S12: ='FR-Exp (O)'!S12*(1+Toeslagen!$Q$9) -> 676 | T12: ='FR-Exp (O)'!T12*(1+Toeslagen!$Q$9) -> 676 | U12: ='FR-Exp (O)'!U12*(1+Toeslagen!$Q$9) -> 627.328 | V12: ='FR-Exp (O)'!V12*(1+Toeslagen!$Q$9) -> 551.616 | W12: ='FR-Exp (O)'!W12*(1+Toeslagen!$Q$9) -> 254.176 | ... DF12: ='FR-Exp (O)'!DF12*(1+Toeslagen!$Q$9) -> 313.664
A13: 8 | B13: 8 | D13: 2 | F13: Woensdag | G13: Donderdag | H13: Vrijdag | I13: Maandag | J13: Maandag | N13: 1.6 | O13: 2800 | P13: ='FR-Exp (O)'!P13*(1+Toeslagen!$Q$9) -> 503.4848 | Q13: ='FR-Exp (O)'!Q13*(1+Toeslagen!$Q$9) -> 286.624 | R13: ='FR-Exp (O)'!R13*(1+Toeslagen!$Q$9) -> 513.76 | S13: ='FR-Exp (O)'!S13*(1+Toeslagen!$Q$9) -> 730.08 | T13: ='FR-Exp (O)'!T13*(1+Toeslagen!$Q$9) -> 730.08 | U13: ='FR-Exp (O)'!U13*(1+Toeslagen!$Q$9) -> 676 | V13: ='FR-Exp (O)'!V13*(1+Toeslagen!$Q$9) -> 594.88 | W13: ='FR-Exp (O)'!W13*(1+Toeslagen!$Q$9) -> 270.4 | ... DF13: ='FR-Exp (O)'!DF13*(1+Toeslagen!$Q$9) -> 324.48
A14: 9 | B14: 9 | D14: 4 | F14: Vrijdag | G14: Dinsdag | H14: Woensdag | I14: Woensdag | J14: Woensdag | N14: 2 | O14: 3500 | P14: ='FR-Exp (O)'!P14*(1+Toeslagen!$Q$9) -> 545.88352 | Q14: ='FR-Exp (O)'!Q14*(1+Toeslagen!$Q$9) -> 308.256 | R14: ='FR-Exp (O)'!R14*(1+Toeslagen!$Q$9) -> 557.024 | S14: ='FR-Exp (O)'!S14*(1+Toeslagen!$Q$9) -> 773.344 | T14: ='FR-Exp (O)'!T14*(1+Toeslagen!$Q$9) -> 773.344 | U14: ='FR-Exp (O)'!U14*(1+Toeslagen!$Q$9) -> 730.08 | V14: ='FR-Exp (O)'!V14*(1+Toeslagen!$Q$9) -> 632.736 | W14: ='FR-Exp (O)'!W14*(1+Toeslagen!$Q$9) -> 286.624 | ... DF14: ='FR-Exp (O)'!DF14*(1+Toeslagen!$Q$9) -> 351.52
A15: 10 | B15: 10 | D15: 4 | F15: Donderdag | G15: Vrijdag | H15: Dinsdag | I15: Dinsdag | J15: Dinsdag | N15: 2.4 | O15: 4200 | P15: ='FR-Exp (O)'!P15*(1+Toeslagen!$Q$9) -> 614.78144 | Q15: ='FR-Exp (O)'!Q15*(1+Toeslagen!$Q$9) -> 340.704 | R15: ='FR-Exp (O)'!R15*(1+Toeslagen!$Q$9) -> 627.328 | S15: ='FR-Exp (O)'!S15*(1+Toeslagen!$Q$9) -> 811.2 | T15: ='FR-Exp (O)'!T15*(1+Toeslagen!$Q$9) -> 811.2 | U15: ='FR-Exp (O)'!U15*(1+Toeslagen!$Q$9) -> 811.2 | V15: ='FR-Exp (O)'!V15*(1+Toeslagen!$Q$9) -> 703.04 | W15: ='FR-Exp (O)'!W15*(1+Toeslagen!$Q$9) -> 324.48 | ... DF15: ='FR-Exp (O)'!DF15*(1+Toeslagen!$Q$9) -> 389.376
A16: 11 | B16: 11 | D16: 5 | F16: Vrijdag | G16: Dinsdag | H16: Woensdag | I16: Woensdag | J16: Woensdag | N16: 2.5 | O16: 4375 | P16: ='FR-Exp (O)'!P16*(1+Toeslagen!$Q$9) -> 646.58048 | Q16: ='FR-Exp (O)'!Q16*(1+Toeslagen!$Q$9) -> 378.56 | R16: ='FR-Exp (O)'!R16*(1+Toeslagen!$Q$9) -> 659.776 | S16: ='FR-Exp (O)'!S16*(1+Toeslagen!$Q$9) -> 892.32 | T16: ='FR-Exp (O)'!T16*(1+Toeslagen!$Q$9) -> 892.32 | U16: ='FR-Exp (O)'!U16*(1+Toeslagen!$Q$9) -> 876.096 | V16: ='FR-Exp (O)'!V16*(1+Toeslagen!$Q$9) -> 757.12 | W16: ='FR-Exp (O)'!W16*(1+Toeslagen!$Q$9) -> 365.92495 | ... DF16: ='FR-Exp (O)'!DF16*(1+Toeslagen!$Q$9) -> 432.64
A17: 12 | B17: 12 | D17: 5 | F17: Vrijdag | G17: Dinsdag | H17: Dinsdag | I17: Woensdag | J17: Woensdag | N17: 2.8 | O17: 4900 | P17: ='FR-Exp (O)'!P17*(1+Toeslagen!$Q$9) -> 688.9792 | Q17: ='FR-Exp (O)'!Q17*(1+Toeslagen!$Q$9) -> 405.6 | R17: ='FR-Exp (O)'!R17*(1+Toeslagen!$Q$9) -> 703.04 | S17: ='FR-Exp (O)'!S17*(1+Toeslagen!$Q$9) -> 946.4 | T17: ='FR-Exp (O)'!T17*(1+Toeslagen!$Q$9) -> 946.4 | U17: ='FR-Exp (O)'!U17*(1+Toeslagen!$Q$9) -> 946.4 | V17: ='FR-Exp (O)'!V17*(1+Toeslagen!$Q$9) -> 822.016 | W17: ='FR-Exp (O)'!W17*(1+Toeslagen!$Q$9) -> 382.67327 | ... DF17: ='FR-Exp (O)'!DF17*(1+Toeslagen!$Q$9) -> 459.68
A18: 13 | B18: 13 | D18: 5 | F18: Vrijdag | G18: Dinsdag | H18: Dinsdag | I18: Woensdag | J18: Woensdag | N18: 3 | O18: 5250 | P18: ='FR-Exp (O)'!P18*(1+Toeslagen!$Q$9) -> 741.9776 | Q18: ='FR-Exp (O)'!Q18*(1+Toeslagen!$Q$9) -> 432.91826 | R18: ='FR-Exp (O)'!R18*(1+Toeslagen!$Q$9) -> 757.12 | S18: ='FR-Exp (O)'!S18*(1+Toeslagen!$Q$9) -> 1000.48 | T18: ='FR-Exp (O)'!T18*(1+Toeslagen!$Q$9) -> 1000.48 | U18: ='FR-Exp (O)'!U18*(1+Toeslagen!$Q$9) -> 1011.296 | V18: ='FR-Exp (O)'!V18*(1+Toeslagen!$Q$9) -> 908.544 | W18: ='FR-Exp (O)'!W18*(1+Toeslagen!$Q$9) -> 399.4216 | ... DF18: ='FR-Exp (O)'!DF18*(1+Toeslagen!$Q$9) -> 491.53741
... A58: 54 | B58: 54 | D58: 2 | F58: Woensdag | G58: Donderdag | H58: Vrijdag | I58: Maandag | J58: Maandag | N58: 13.6 | O58: 25000 | P58: ='FR-Exp (O)'!P58*(1+Toeslagen!$Q$9) -> 2432.4194 | Q58: ='FR-Exp (O)'!Q58*(1+Toeslagen!$Q$9) -> 1244.1407 | R58: ='FR-Exp (O)'!R58*(1+Toeslagen!$Q$9) -> 2482.0606 | S58: ='FR-Exp (O)'!S58*(1+Toeslagen!$Q$9) -> 3082.56 | T58: ='FR-Exp (O)'!T58*(1+Toeslagen!$Q$9) -> 3082.56 | U58: ='FR-Exp (O)'!U58*(1+Toeslagen!$Q$9) -> 3228.4535 | V58: ='FR-Exp (O)'!V58*(1+Toeslagen!$Q$9) -> 2809.7453 | W58: ='FR-Exp (O)'!W58*(1+Toeslagen!$Q$9) -> 1043.8889 | ... DF58: ='FR-Exp (O)'!DF58*(1+Toeslagen!$Q$9) -> 1417.0854
A59: 55 | B59: 55 | D59: 2 | F59: Woensdag | G59: Donderdag | H59: Vrijdag | I59: Maandag | J59: Maandag
A60: 56 | B60: 56 | D60: 5 | F60: Vrijdag | G60: Dinsdag | H60: Dinsdag | I60: Dinsdag | J60: Dinsdag
A61: 57 | B61: 57 | D61: 2 | F61: Woensdag | G61: Donderdag | H61: Vrijdag | I61: Maandag | J61: Maandag
A62: 58 | B62: 58 | D62: 4 | F62: Donderdag | G62: Vrijdag | H62: Dinsdag | I62: Dinsdag | J62: Dinsdag
A63: 59 | B63: 59 | D63: 2 | F63: Woensdag | G63: Donderdag | H63: Vrijdag | I63: Maandag | J63: Maandag
A64: 60 | B64: 60 | D64: 2 | F64: Woensdag | G64: Donderdag | H64: Vrijdag | I64: Maandag | J64: Maandag
A65: 61 | B65: 61 | D65: 3 | F65: Donderdag | G65: Vrijdag | H65: Maandag | I65: Maandag | J65: Dinsdag
A66: 62 | B66: 62 | D66: 2 | F66: Woensdag | G66: Donderdag | H66: Vrijdag | I66: Maandag | J66: Maandag
A67: 63 | B67: 63 | D67: 4 | F67: Donderdag | G67: Vrijdag | H67: Dinsdag | I67: Dinsdag | J67: Dinsdag
A68: 64 | B68: 64 | D68: 5 | F68: Vrijdag | G68: Dinsdag | H68: Woensdag | I68: Woensdag | J68: Woensdag
A69: 65 | B69: 65 | D69: 5 | F69: Vrijdag | G69: Dinsdag | H69: Woensdag | I69: Woensdag | J69: Woensdag
A70: 66 | B70: 66 | D70: 5 | F70: Vrijdag | G70: Dinsdag | H70: Woensdag | I70: Woensdag | J70: Woensdag
... A99: 95 | B99: 95 | D99: 2 | F99: Woensdag | G99: Donderdag | H99: Vrijdag | I99: Maandag | J99: Dinsdag

Sheet FR-Exp (O)
A5: Postcode | B5: Zone | C5: Afstand (km) | D5: Transitdagen | E5: Verste Locatie | F5: Laden Maandag = Lossen | G5: Laden Dinsdag = Lossen | H5: Laden Woensdag = Lossen | I5: Laden Donderdag = Lossen | J5: Laden Vrijdag = Lossen | M5: EXPORT | N5: Laadmeters | O5: Gewicht | P5: 1 | Q5: 2 | R5: 3 | S5: 4 | T5: 5 | U5: 6 | V5: 7 | W5: 8 | X5: 9 | Y5: 10 | Z5: 11 | AA5: 12 | AB5: 13 | AC5: 14 | AD5: 15 | AE5: 16 | AF5: 17 | AG5: 18 | AH5: 19 | AJ5: 21 | AK5: 22 | AL5: 23 | AM5: 24 | AN5: 25 | AO5: 26 | AP5: 27 | AQ5: 28 | AR5: 29 | AS5: 30 | AT5: 31 | AU5: 32 | AV5: 33 | AW5: 34 | AX5: 35 | AY5: 36 | AZ5: 37 | BA5: 38 | BB5: 39 | BC5: 40 | BD5: 41 | BE5: 42 | BF5: 43 | BG5: 44 | BH5: 45 | BI5: 46 | BJ5: 47 | BK5: 48 | BL5: 49 | BM5: 50 | BN5: 51 | BO5: 52 | BP5: 53 | BQ5: 54 | BR5: 55 | BS5: 56 | BT5: 57 | BU5: 58 | BV5: 59 | BW5: 60 | BX5: 61 | BY5: 62 | BZ5: 63 | CA5: 64 | CB5: 65 | CC5: 66 | CD5: 67 | CE5: 68 | CF5: 69 | CG5: 70 | CH5: 71 | CI5: 72 | CJ5: 73 | CK5: 74 | CL5: 75 | CM5: 76 | CN5: 77 | CO5: 78 | CP5: 79 | CQ5: 80 | CR5: 81 | CS5: 82 | CT5: 83 | CU5: 84 | CV5: 85 | CW5: 86 | CX5: 87 | CY5: 88 | CZ5: 89 | DA5: 90 | DB5: 91 | DC5: 92 | DD5: 93 | DE5: 94 | DF5: 95
A6: 1 | B6: 1 | D6: 4 | F6: Donderdag | G6: Vrijdag | H6: Dinsdag | I6: Dinsdag | J6: Dinsdag | N6: 0 | O6: 0 | P6: Bourg-en-Bresse | Q6: Laon | R6: Moulins | S6: Digne | T6: Gap | U6: Nice | V6: Privas | W6: Charleville Mazieres | X6: Foix | Y6: Troyes | Z6: Carcassonne | AA6: Rodez | AB6: Marseille | AC6: Caen | AD6: Aurillac | AE6: Angouleme | AF6: La Rochelle | AG6: Bourges | AH6: Tulle | AI6: Corsica | AJ6: Dijon | AK6: St Brieuc | AL6: Gueret | AM6: Perigueux | AN6: Besancon | AO6: Valence | AP6: Evreux | AQ6: Chartres | AR6: Quimper | AS6: Nimes | AT6: Toulouse | AU6: Auch | AV6: Bordeaux | AW6: Montpellier | AX6: Rennes | AY6: Chateauroux | AZ6: Tours | BA6: Grenoble | BB6: Lons-le-Saunier | BC6: Mont-de-Marsan | BD6: Blois | BE6: St-Etienne | BF6: Le Puy-en-Velay | BG6: Nantes | BH6: Orleans | BI6: Cahors | BJ6: Agen | BK6: Mende | BL6: Angers | BM6: St Lo | BN6: Chalons-sur-Marne | BO6: Chaumont | BP6: Laval | BQ6: Nancy | BR6: Bar-le-Duc | BS6: Vannes | BT6: Metz | BU6: Nevers | BV6: Lille | BW6: Beauvais | BX6: Alencon | BY6: Arras | BZ6: Clermont-Ferrand | CA6: Pau | CB6: Tarbes | CC6: Perpignan | CD6: Strasbourg | CE6: Colmar | CF6: Lyon | CG6: Vesoul | CH6: Macon | CI6: Le Mans | CJ6: Chambery | CK6: Annecy | CL6: Paris | CM6: Rouen | CN6: Melun | CO6: Versailles | CP6: Niort | CQ6: Amiens | CR6: Albi | CS6: Montauban | CT6: Toulon | CU6: Avignon | CV6: La Roche-sur-Yon | CW6: Poitiers | CX6: Limoges | CY6: Epinal | CZ6: Auxerre | DA6: Belfort | DB6: Evry | DC6: Paris | DD6: Bobigny | DE6: Paris | DF6: Pontoise
A7: 2 | B7: 2 | D7: 2 | F7: Woensdag | G7: Donderdag | H7: Vrijdag | I7: Maandag | J7: Maandag | N7: 0.4 | O7: 700 | P7: 291.4912 | Q7: 183.872 | R7: 297.44 | S7: 459.68 | T7: 459.68 | U7: 411.008 | V7: 351.52 | W7: 173.056 | X7: 421.824 | Y7: 243.36 | Z7: 421.824 | AA7: 433.09512 | AB7: 394.784 | AC7: 254.39232 | AD7: 433.09512 | AE7: 324.48 | AF7: 324.48 | AG7: 259.584 | AH7: 324.48 | AJ7: 259.584 | AK7: 340.704 | AL7: 297.44 | AM7: 351.52 | AN7: 243.36 | AO7: 349.7624 | AP7: 243.36 | AQ7: 232.544 | AR7: 433.09512 | AS7: 378.56 | AT7: 411.008 | AU7: 411.008 | AV7: 351.52 | AW7: 394.784 | AX7: 270.4 | AY7: 267.696 | AZ7: 259.584 | BA7: 351.52 | BB7: 270.4 | BC7: 394.784 | BD7: 243.36 | BE7: 297.44 | BF7: 351.52 | BG7: 291.4912 | BH7: 243.36 | BI7: 351.52 | BJ7: 394.784 | BK7: 433.09512 | BL7: 270.4 | BM7: 264.992 | BN7: 205.504 | BO7: 243.36 | BP7: 270.4 | BQ7: 204.47648 | BR7: 232.544 | BS7: 340.704 | BT7: 205.504 | BU7: 259.584 | BV7: 169.59488 | BW7: 203.44896 | BX7: 259.584 | BY7: 172.19072 | BZ7: 297.44 | CA7: 411.008 | CB7: 411.008 | CC7: 404.84288 | CD7: 232.544 | CE7: 243.36 | CF7: 297.44 | CG7: 240.9264 | CH7: 270.4 | CI7: 259.584 | CJ7: 378.56 | CK7: 378.56 | CL7: 205.504 | CM7: 206.53152 | CN7: 232.544 | CO7: 232.544 | CP7: 297.44 | CQ7: 183.872 | CR7: 394.784 | CS7: 402.78784 | CT7: 411.008 | CU7: 378.56 | CV7: 297.44 | CW7: 295.9528 | CX7: 294.4656 | CY7: 232.544 | CZ7: 243.36 | DA7: 259.584 | DB7: 205.504 | DC7: 205.504 | DD7: 205.504 | DE7: 205.504 | DF7: 205.504
A8: 3 | B8: 3 | D8: 4 | F8: Donderdag | G8: Vrijdag | H8: Dinsdag | I8: Dinsdag | J8: Dinsdag | N8: 0.5 | O8: 875 | P8: 317.9904 | Q8: 205.504 | R8: 324.48 | S8: 486.72 | T8: 486.72 | U8: 443.456 | V8: 378.56 | W8: 194.688 | X8: 454.272 | Y8: 259.584 | Z8: 454.272 | AA8: 457.67148 | AB8: 421.824 | AC8: 280.89152 | AD8: 457.67148 | AE8: 356.928 | AF8: 356.928 | AG8: 286.624 | AH8: 356.928 | AJ8: 286.624 | AK8: 373.152 | AL8: 324.48 | AM8: 378.56 | AN8: 259.584 | AO8: 376.6672 | AP8: 259.584 | AQ8: 254.176 | AR8: 457.67148 | AS8: 405.6 | AT8: 443.456 | AU8: 443.456 | AV8: 378.56 | AW8: 421.824 | AX8: 297.44 | AY8: 294.4656 | AZ8: 286.624 | BA8: 378.56 | BB8: 297.44 | BC8: 421.824 | BD8: 259.584 | BE8: 324.48 | BF8: 378.56 | BG8: 317.9904 | BH8: 259.584 | BI8: 378.56 | BJ8: 421.824 | BK8: 457.67148 | BL8: 297.44 | BM8: 291.4912 | BN8: 227.136 | BO8: 259.584 | BP8: 297.44 | BQ8: 226.00032 | BR8: 254.176 | BS8: 373.152 | BT8: 227.136 | BU8: 286.624 | BV8: 190.79424 | BW8: 224.86464 | BX8: 286.624 | BY8: 193.71456 | BZ8: 324.48 | CA8: 443.456 | CB8: 443.456 | CC8: 436.80416 | CD8: 254.176 | CE8: 259.584 | CF8: 324.48 | CG8: 256.98816 | CH8: 297.44 | CI8: 286.624 | CJ8: 405.6 | CK8: 405.6 | CL8: 227.136 | CM8: 228.27168 | CN8: 254.176 | CO8: 254.176 | CP8: 324.48 | CQ8: 205.504 | CR8: 421.824 | CS8: 434.58688 | CT8: 443.456 | CU8: 405.6 | CV8: 324.48 | CW8: 322.8576 | CX8: 321.2352 | CY8: 254.176 | CZ8: 259.584 | DA8: 286.624 | DB8: 227.136 | DC8: 227.136 | DD8: 227.136 | DE8: 227.136 | DF8: 227.136
A9: 4 | B9: 4 | D9: 5 | F9: Vrijdag | G9: Dinsdag | H9: Dinsdag | I9: Woensdag | J9: Woensdag | N9: 0.8 | O9: 1400 | P9: 365.68896 | Q9: 227.136 | R9: 373.152 | S9: 535.392 | T9: 535.392 | U9: 497.536 | V9: 421.824 | W9: 210.912 | X9: 497.536 | Y9: 292.032 | Z9: 497.536 | AA9: 498.63206 | AB9: 475.904 | AC9: 317.9904 | AD9: 498.63206 | AE9: 405.6 | AF9: 405.6 | AG9: 324.48 | AH9: 405.6 | AJ9: 324.48 | AK9: 405.6 | AL9: 373.152 | AM9: 421.824 | AN9: 292.032 | AO9: 419.71488 | AP9: 292.032 | AQ9: 292.032 | AR9: 498.63206 | AS9: 448.864 | AT9: 497.536 | AU9: 497.536 | AV9: 421.824 | AW9: 475.904 | AX9: 335.296 | AY9: 331.94304 | AZ9: 324.48 | BA9: 421.824 | BB9: 335.296 | BC9: 475.904 | BD9: 292.032 | BE9: 373.152 | BF9: 421.824 | BG9: 365.68896 | BH9: 292.032 | BI9: 421.824 | BJ9: 475.904 | BK9: 498.63206 | BL9: 335.296 | BM9: 328.59008 | BN9: 248.768 | BO9: 292.032 | BP9: 335.296 | BQ9: 247.52416 | BR9: 292.032 | BS9: 405.6 | BT9: 248.768 | BU9: 324.48 | BV9: 206.69376 | BW9: 246.28032 | BX9: 324.48 | BY9: 209.85744 | BZ9: 373.152 | CA9: 497.536 | CB9: 497.536 | CC9: 490.07296 | CD9: 292.032 | CE9: 292.032 | CF9: 373.152 | CG9: 289.11168 | CH9: 335.296 | CI9: 324.48 | CJ9: 448.864 | CK9: 448.864 | CL9: 248.768 | CM9: 250.01184 | CN9: 292.032 | CO9: 292.032 | CP9: 373.152 | CQ9: 227.136 | CR9: 475.904 | CS9: 487.58528 | CT9: 497.536 | CU9: 448.864 | CV9: 373.152 | CW9: 371.28624 | CX9: 369.42048 | CY9: 292.032 | CZ9: 292.032 | DA9: 324.48 | DB9: 248.768 | DC9: 248.768 | DD9: 248.768 | DE9: 248.768 | DF9: 248.768
A10: 5 | B10: 5 | D10: 5 | F10: Vrijdag | G10: Dinsdag | H10: Dinsdag | I10: Woensdag | J10: Woensdag | N10: 1 | O10: 1750 | P10: 402.78784 | Q10: 242.2784 | R10: 411.008 | S10: 567.84 | T10: 567.84 | U10: 540.8 | V10: 470.496 | W10: 227.136 | X10: 540.8 | Y10: 324.48 | Z10: 540.8 | AA10: 547.78477 | AB10: 519.168 | AC10: 349.78944 | AD10: 547.78477 | AE10: 448.864 | AF10: 448.864 | AG10: 356.928 | AH10: 448.864 | AJ10: 356.928 | AK10: 448.864 | AL10: 411.008 | AM10: 470.496 | AN10: 324.48 | AO10: 468.14352 | AP10: 324.48 | AQ10: 308.256 | AR10: 547.78477 | AS10: 486.72 | AT10: 540.8 | AU10: 540.8 | AV10: 470.496 | AW10: 519.168 | AX10: 378.56 | AY10: 374.7744 | AZ10: 356.928 | BA10: 470.496 | BB10: 378.56 | BC10: 519.168 | BD10: 324.48 | BE10: 411.008 | BF10: 470.496 | BG10: 402.78784 | BH10: 324.48 | BI10: 470.496 | BJ10: 519.168 | BK10: 547.78477 | BL10: 378.56 | BM10: 370.9888 | BN10: 270.4 | BO10: 324.48 | BP10: 378.56 | BQ10: 269.048 | BR10: 308.256 | BS10: 448.864 | BT10: 270.4 | BU10: 356.928 | BV10: 222.59328 | BW10: 267.696 | BX10: 356.928 | BY10: 226.00032 | BZ10: 411.008 | CA10: 540.8 | CB10: 540.8 | CC10: 532.688 | CD10: 308.256 | CE10: 324.48 | CF10: 411.008 | CG10: 321.2352 | CH10: 378.56 | CI10: 356.928 | CJ10: 486.72 | CK10: 486.72 | CL10: 270.4 | CM10: 271.752 | CN10: 308.256 | CO10: 308.256 | CP10: 411.008 | CQ10: 242.2784 | CR10: 519.168 | CS10: 529.984 | CT10: 540.8 | CU10: 486.72 | CV10: 411.008 | CW10: 408.95296 | CX10: 406.89792 | CY10: 308.256 | CZ10: 324.48 | DA10: 356.928 | DB10: 270.4 | DC10: 270.4 | DD10: 270.4 | DE10: 270.4 | DF10: 270.4
A11: 6 | B11: 6 | D11: 5 | F11: Vrijdag | G11: Dinsdag | H11: Woensdag | I11: Woensdag | J11: Woensdag | N11: 1.2 | O11: 2100 | P11: 439.88672 | Q11: 254.176 | R11: 448.864 | S11: 621.92 | T11: 621.92 | U11: 584.064 | V11: 508.352 | W11: 242.2784 | X11: 584.064 | Y11: 367.744 | Z11: 584.064 | AA11: 596.93747 | AB11: 567.84 | AC11: 381.58848 | AD11: 596.93747 | AE11: 486.72 | AF11: 486.72 | AG11: 389.376 | AH11: 486.72 | AJ11: 389.376 | AK11: 486.72 | AL11: 448.864 | AM11: 508.352 | AN11: 367.744 | AO11: 505.81024 | AP11: 367.744 | AQ11: 324.48 | AR11: 596.93747 | AS11: 535.392 | AT11: 584.064 | AU11: 584.064 | AV11: 508.352 | AW11: 567.84 | AX11: 405.6 | AY11: 401.544 | AZ11: 389.376 | BA11: 508.352 | BB11: 405.6 | BC11: 567.84 | BD11: 367.744 | BE11: 448.864 | BF11: 508.352 | BG11: 439.88672 | BH11: 367.744 | BI11: 508.352 | BJ11: 567.84 | BK11: 596.93747 | BL11: 405.6 | BM11: 397.488 | BN11: 292.032 | BO11: 367.744 | BP11: 405.6 | BQ11: 290.57184 | BR11: 324.48 | BS11: 486.72 | BT11: 292.032 | BU11: 389.376 | BV11: 237.43283 | BW11: 289.11168 | BX11: 389.376 | BY11: 241.06701 | BZ11: 448.864 | CA11: 584.064 | CB11: 584.064 | CC11: 575.30304 | CD11: 324.48 | CE11: 367.744 | CF11: 448.864 | CG11: 364.06656 | CH11: 405.6 | CI11: 389.376 | CJ11: 535.392 | CK11: 535.392 | CL11: 292.032 | CM11: 293.49216 | CN11: 324.48 | CO11: 324.48 | CP11: 448.864 | CQ11: 254.176 | CR11: 567.84 | CS11: 572.38272 | CT11: 584.064 | CU11: 535.392 | CV11: 448.864 | CW11: 446.61968 | CX11: 444.37536 | CY11: 324.48 | CZ11: 367.744 | DA11: 389.376 | DB11: 292.032 | DC11: 292.032 | DD11: 292.032 | DE11: 292.032 | DF11: 292.032
A12: 7 | B12: 7 | D12: 5 | F12: Vrijdag | G12: Dinsdag | H12: Dinsdag | I12: Woensdag | J12: Woensdag | N12: 1.5 | O12: 2625 | P12: 471.68576 | Q12: 270.4 | R12: 481.312 | S12: 676 | T12: 676 | U12: 627.328 | V12: 551.616 | W12: 254.176 | X12: 627.328 | Y12: 389.376 | Z12: 627.328 | AA12: 646.09018 | AB12: 611.104 | AC12: 408.08768 | AD12: 646.09018 | AE12: 519.168 | AF12: 519.168 | AG12: 416.416 | AH12: 519.168 | AJ12: 416.416 | AK12: 519.168 | AL12: 481.312 | AM12: 551.616 | AN12: 389.376 | AO12: 548.85792 | AP12: 389.376 | AQ12: 351.52 | AR12: 646.09018 | AS12: 578.656 | AT12: 627.328 | AU12: 627.328 | AV12: 551.616 | AW12: 611.104 | AX12: 448.864 | AY12: 444.37536 | AZ12: 416.416 | BA12: 551.616 | BB12: 448.864 | BC12: 611.104 | BD12: 389.376 | BE12: 481.312 | BF12: 551.616 | BG12: 471.68576 | BH12: 389.376 | BI12: 551.616 | BJ12: 611.104 | BK12: 646.09018 | BL12: 448.864 | BM12: 439.88672 | BN12: 313.664 | BO12: 389.376 | BP12: 448.864 | BQ12: 312.09568 | BR12: 351.52 | BS12: 519.168 | BT12: 313.664 | BU12: 416.416 | BV12: 249.09248 | BW12: 310.52736 | BX12: 416.416 | BY12: 252.90512 | BZ12: 481.312 | CA12: 627.328 | CB12: 627.328 | CC12: 617.91808 | CD12: 351.52 | CE12: 389.376 | CF12: 481.312 | CG12: 385.48224 | CH12: 448.864 | CI12: 416.416 | CJ12: 578.656 | CK12: 578.656 | CL12: 313.664 | CM12: 315.23232 | CN12: 351.52 | CO12: 351.52 | CP12: 481.312 | CQ12: 270.4 | CR12: 611.104 | CS12: 614.78144 | CT12: 627.328 | CU12: 578.656 | CV12: 481.312 | CW12: 478.90544 | CX12: 476.49888 | CY12: 351.52 | CZ12: 389.376 | DA12: 416.416 | DB12: 313.664 | DC12: 313.664 | DD12: 313.664 | DE12: 313.664 | DF12: 313.664
A13: 8 | B13: 8 | D13: 2 | F13: Woensdag | G13: Donderdag | H13: Vrijdag | I13: Maandag | J13: Maandag | N13: 1.6 | O13: 2800 | P13: 503.4848 | Q13: 286.624 | R13: 513.76 | S13: 730.08 | T13: 730.08 | U13: 676 | V13: 594.88 | W13: 270.4 | X13: 676 | Y13: 416.416 | Z13: 676 | AA13: 695.24288 | AB13: 654.368 | AC13: 439.88672 | AD13: 695.24288 | AE13: 551.616 | AF13: 551.616 | AG13: 448.864 | AH13: 551.616 | AJ13: 448.864 | AK13: 551.616 | AL13: 513.76 | AM13: 594.88 | AN13: 416.416 | AO13: 591.9056 | AP13: 416.416 | AQ13: 375.3152 | AR13: 695.24288 | AS13: 621.92 | AT13: 676 | AU13: 676 | AV13: 594.88 | AW13: 654.368 | AX13: 475.904 | AY13: 471.14496 | AZ13: 448.864 | BA13: 594.88 | BB13: 475.904 | BC13: 654.368 | BD13: 416.416 | BE13: 513.76 | BF13: 594.88 | BG13: 503.4848 | BH13: 416.416 | BI13: 594.88 | BJ13: 654.368 | BK13: 695.24288 | BL13: 475.904 | BM13: 466.38592 | BN13: 324.48 | BO13: 416.416 | BP13: 475.904 | BQ13: 322.8576 | BR13: 375.3152 | BS13: 551.616 | BT13: 324.48 | BU13: 448.864 | BV13: 264.992 | BW13: 321.2352 | BX13: 448.864 | BY13: 269.048 | BZ13: 513.76 | CA13: 676 | CB13: 676 | CC13: 665.86 | CD13: 375.3152 | CE13: 416.416 | CF13: 513.76 | CG13: 412.25184 | CH13: 475.904 | CI13: 448.864 | CJ13: 621.92 | CK13: 621.92 | CL13: 324.48 | CM13: 326.1024 | CN13: 375.3152 | CO13: 375.3152 | CP13: 513.76 | CQ13: 286.624 | CR13: 654.368 | CS13: 662.48 | CT13: 676 | CU13: 621.92 | CV13: 513.76 | CW13: 511.1912 | CX13: 508.6224 | CY13: 375.3152 | CZ13: 416.416 | DA13: 448.864 | DB13: 324.48 | DC13: 324.48 | DD13: 324.48 | DE13: 324.48 | DF13: 324.48
A14: 9 | B14: 9 | D14: 4 | F14: Vrijdag | G14: Dinsdag | H14: Woensdag | I14: Woensdag | J14: Woensdag | N14: 2 | O14: 3500 | P14: 545.88352 | Q14: 308.256 | R14: 557.024 | S14: 773.344 | T14: 773.344 | U14: 730.08 | V14: 632.736 | W14: 286.624 | X14: 730.08 | Y14: 438.048 | Z14: 730.08 | AA14: 744.39559 | AB14: 703.04 | AC14: 466.38592 | AD14: 744.39559 | AE14: 594.88 | AF14: 594.88 | AG14: 475.904 | AH14: 594.88 | AJ14: 475.904 | AK14: 594.88 | AL14: 557.024 | AM14: 632.736 | AN14: 438.048 | AO14: 629.57232 | AP14: 438.048 | AQ14: 396.9472 | AR14: 744.39559 | AS14: 670.592 | AT14: 730.08 | AU14: 730.08 | AV14: 632.736 | AW14: 703.04 | AX14: 513.76 | AY14: 508.6224 | AZ14: 475.904 | BA14: 632.736 | BB14: 513.76 | BC14: 703.04 | BD14: 438.048 | BE14: 557.024 | BF14: 632.736 | BG14: 545.88352 | BH14: 438.048 | BI14: 632.736 | BJ14: 703.04 | BK14: 744.39559 | BL14: 513.76 | BM14: 503.4848 | BN14: 351.52 | BO14: 438.048 | BP14: 513.76 | BQ14: 349.7624 | BR14: 396.9472 | BS14: 594.88 | BT14: 351.52 | BU14: 475.904 | BV14: 280.89152 | BW14: 348.0048 | BX14: 475.904 | BY14: 285.19088 | BZ14: 557.024 | CA14: 730.08 | CB14: 730.08 | CC14: 719.1288 | CD14: 396.9472 | CE14: 438.048 | CF14: 557.024 | CG14: 433.66752 | CH14: 513.76 | CI14: 475.904 | CJ14: 676 | CK14: 676 | CL14: 351.52 | CM14: 353.2776 | CN14: 396.9472 | CO14: 396.9472 | CP14: 557.024 | CQ14: 308.256 | CR14: 703.04 | CS14: 715.4784 | CT14: 730.08 | CU14: 670.592 | CV14: 557.024 | CW14: 554.23888 | CX14: 551.45376 | CY14: 396.9472 | CZ14: 438.048 | DA14: 475.904 | DB14: 351.52 | DC14: 351.52 | DD14: 351.52 | DE14: 351.52 | DF14: 351.52
A15: 10 | B15: 10 | D15: 4 | F15: Donderdag | G15: Vrijdag | H15: Dinsdag | I15: Dinsdag | J15: Dinsdag | N15: 2.4 | O15: 4200 | P15: 614.78144 | Q15: 340.704 | R15: 627.328 | S15: 811.2 | T15: 811.2 | U15: 811.2 | V15: 703.04 | W15: 324.48 | X15: 811.2 | Y15: 508.352 | Z15: 811.2 | AA15: 800.65331 | AB15: 784.16 | AC15: 529.984 | AD15: 800.65331 | AE15: 648.96 | AF15: 648.96 | AG15: 540.8 | AH15: 648.96 | AJ15: 540.8 | AK15: 648.96 | AL15: 627.328 | AM15: 703.04 | AN15: 508.352 | AO15: 699.5248 | AP15: 508.352 | AQ15: 443.456 | AR15: 800.65331 | AS15: 757.12 | AT15: 811.2 | AU15: 811.2 | AV15: 703.04 | AW15: 784.16 | AX15: 594.88 | AY15: 588.9312 | AZ15: 540.8 | BA15: 703.04 | BB15: 594.88 | BC15: 784.16 | BD15: 508.352 | BE15: 627.328 | BF15: 703.04 | BG15: 614.78144 | BH15: 508.352 | BI15: 703.04 | BJ15: 784.16 | BK15: 800.65331 | BL15: 594.88 | BM15: 582.9824 | BN15: 389.376 | BO15: 508.352 | BP15: 594.88 | BQ15: 387.42912 | BR15: 443.456 | BS15: 648.96 | BT15: 389.376 | BU15: 540.8 | BV15: 317.9904 | BW15: 385.48224 | BX15: 540.8 | BY15: 322.8576 | BZ15: 627.328 | CA15: 811.2 | CB15: 811.2 | CC15: 799.032 | CD15: 443.456 | CE15: 508.352 | CF15: 627.328 | CG15: 503.26848 | CH15: 594.88 | CI15: 540.8 | CJ15: 757.12 | CK15: 757.12 | CL15: 389.376 | CM15: 391.32288 | CN15: 443.456 | CO15: 443.456 | CP15: 627.328 | CQ15: 340.704 | CR15: 784.16 | CS15: 794.976 | CT15: 811.2 | CU15: 757.12 | CV15: 627.328 | CW15: 624.19136 | CX15: 621.05472 | CY15: 443.456 | CZ15: 508.352 | DA15: 540.8 | DB15: 389.376 | DC15: 389.376 | DD15: 389.376 | DE15: 389.376 | DF15: 389.376
A16: 11 | B16: 11 | D16: 5 | F16: Vrijdag | G16: Dinsdag | H16: Woensdag | I16: Woensdag | J16: Woensdag | N16: 2.5 | O16: 4375 | P16: 646.58048 | Q16: 378.56 | R16: 659.776 | S16: 892.32 | T16: 892.32 | U16: 876.096 | V16: 757.12 | W16: 365.92495 | X16: 876.096 | Y16: 540.8 | Z16: 876.096 | AA16: 868.37481 | AB16: 849.056 | AC16: 582.9824 | AD16: 868.37481 | AE16: 730.08 | AF16: 730.08 | AG16: 594.88 | AH16: 730.08 | AJ16: 594.88 | AK16: 730.08 | AL16: 659.776 | AM16: 757.12 | AN16: 540.8 | AO16: 753.3344 | AP16: 540.8 | AQ16: 486.72 | AR16: 868.37481 | AS16: 811.2 | AT16: 876.096 | AU16: 876.096 | AV16: 757.12 | AW16: 849.056 | AX16: 648.96 | AY16: 642.4704 | AZ16: 594.88 | BA16: 757.12 | BB16: 648.96 | BC16: 849.056 | BD16: 540.8 | BE16: 659.776 | BF16: 757.12 | BG16: 646.58048 | BH16: 540.8 | BI16: 757.12 | BJ16: 849.056 | BK16: 868.37481 | BL16: 648.96 | BM16: 635.9808 | BN16: 432.64 | BO16: 540.8 | BP16: 648.96 | BQ16: 430.4768 | BR16: 486.72 | BS16: 730.08 | BT16: 432.64 | BU16: 594.88 | BV16: 358.60645 | BW16: 428.3136 | BX16: 594.88 | BY16: 364.09532 | BZ16: 659.776 | CA16: 876.096 | CB16: 876.096 | CC16: 862.95456 | CD16: 486.72 | CE16: 540.8 | CF16: 659.776 | CG16: 535.392 | CH16: 648.96 | CI16: 594.88 | CJ16: 811.2 | CK16: 811.2 | CL16: 432.64 | CM16: 434.8032 | CN16: 486.72 | CO16: 486.72 | CP16: 659.776 | CQ16: 378.56 | CR16: 849.056 | CS16: 858.57408 | CT16: 876.096 | CU16: 811.2 | CV16: 659.776 | CW16: 656.47712 | CX16: 653.17824 | CY16: 486.72 | CZ16: 540.8 | DA16: 594.88 | DB16: 432.64 | DC16: 432.64 | DD16: 432.64 | DE16: 432.64 | DF16: 432.64
A17: 12 | B17: 12 | D17: 5 | F17: Vrijdag | G17: Dinsdag | H17: Dinsdag | I17: Woensdag | J17: Woensdag | N17: 2.8 | O17: 4900 | P17: 688.9792 | Q17: 405.6 | R17: 703.04 | S17: 946.4 | T17: 946.4 | U17: 946.4 | V17: 822.016 | W17: 382.67327 | X17: 946.4 | Y17: 594.88 | Z17: 946.4 | AA17: 918.6198 | AB17: 919.36 | AC17: 635.9808 | AD17: 918.6198 | AE17: 794.976 | AF17: 794.976 | AG17: 648.96 | AH17: 794.976 | AJ17: 648.96 | AK17: 794.976 | AL17: 703.04 | AM17: 822.016 | AN17: 594.88 | AO17: 817.90592 | AP17: 594.88 | AQ17: 533.40823 | AR17: 918.6198 | AS17: 865.28 | AT17: 946.4 | AU17: 946.4 | AV17: 822.016 | AW17: 919.36 | AX17: 703.04 | AY17: 696.0096 | AZ17: 648.96 | BA17: 822.016 | BB17: 703.04 | BC17: 919.36 | BD17: 594.88 | BE17: 703.04 | BF17: 822.016 | BG17: 688.9792 | BH17: 594.88 | BI17: 822.016 | BJ17: 919.36 | BK17: 918.6198 | BL17: 703.04 | BM17: 688.9792 | BN17: 459.68 | BO17: 594.88 | BP17: 703.04 | BQ17: 457.3816 | BR17: 533.40823 | BS17: 794.976 | BT17: 459.68 | BU17: 648.96 | BV17: 375.01981 | BW17: 455.0832 | BX17: 648.96 | BY17: 380.75991 | BZ17: 703.04 | CA17: 946.4 | CB17: 946.4 | CC17: 932.204 | CD17: 533.40823 | CE17: 594.88 | CF17: 703.04 | CG17: 588.9312 | CH17: 703.04 | CI17: 648.96 | CJ17: 865.28 | CK17: 865.28 | CL17: 459.68 | CM17: 461.9784 | CN17: 533.40823 | CO17: 533.40823 | CP17: 703.04 | CQ17: 405.6 | CR17: 919.36 | CS17: 927.472 | CT17: 946.4 | CU17: 865.28 | CV17: 703.04 | CW17: 699.5248 | CX17: 696.0096 | CY17: 533.40823 | CZ17: 594.88 | DA17: 648.96 | DB17: 459.68 | DC17: 459.68 | DD17: 459.68 | DE17: 459.68 | DF17: 459.68
A18: 13 | B18: 13 | D18: 5 | F18: Vrijdag | G18: Dinsdag | H18: Dinsdag | I18: Woensdag | J18: Woensdag | N18: 3 | O18: 5250 | P18: 741.9776 | Q18: 432.91826 | R18: 757.12 | S18: 1000.48 | T18: 1000.48 | U18: 1011.296 | V18: 908.544 | W18: 399.4216 | X18: 1011.296 | Y18: 625.52404 | Z18: 1011.296 | AA18: 968.86479 | AB18: 973.44 | AC18: 670.46033 | AD18: 968.86479 | AE18: 838.24 | AF18: 838.24 | AG18: 684.14319 | AH18: 838.24 | AJ18: 684.14319 | AK18: 838.24 | AL18: 757.12 | AM18: 908.544 | AN18: 625.52404 | AO18: 904.00128 | AP18: 625.52404 | AQ18: 558.53073 | AR18: 968.86479 | AS18: 919.36 | AT18: 1011.296 | AU18: 1011.296 | AV18: 908.544 | AW18: 973.44 | AX18: 742.76235 | AY18: 735.33472 | AZ18: 684.14319 | BA18: 908.544 | BB18: 742.76235 | BC18: 973.44 | BD18: 625.52404 | BE18: 757.12 | BF18: 908.544 | BG18: 741.9776 | BH18: 625.52404 | BI18: 908.544 | BJ18: 973.44 | BK18: 968.86479 | BL18: 742.76235 | BM18: 727.9071 | BN18: 491.53741 | BO18: 625.52404 | BP18: 742.76235 | BQ18: 489.07973 | BR18: 558.53073 | BS18: 838.24 | BT18: 491.53741 | BU18: 684.14319 | BV18: 391.43317 | BW18: 486.62204 | BX18: 684.14319 | BY18: 397.4245 | BZ18: 757.12 | CA18: 1011.296 | CB18: 1011.296 | CC18: 996.12656 | CD18: 558.53073 | CE18: 625.52404 | CF18: 757.12 | CG18: 619.2688 | CH18: 742.76235 | CI18: 684.14319 | CJ18: 908.544 | CK18: 908.544 | CL18: 491.53741 | CM18: 493.9951 | CN18: 558.53073 | CO18: 558.53073 | CP18: 757.12 | CQ18: 432.91826 | CR18: 973.44 | CS18: 991.07008 | CT18: 1011.296 | CU18: 919.36 | CV18: 757.12 | CW18: 753.3344 | CX18: 749.5488 | CY18: 558.53073 | CZ18: 625.52404 | DA18: 684.14319 | DB18: 491.53741 | DC18: 491.53741 | DD18: 491.53741 | DE18: 491.53741 | DF18: 491.53741
... A58: 54 | B58: 54 | D58: 2 | F58: Woensdag | G58: Donderdag | H58: Vrijdag | I58: Maandag | J58: Maandag | N58: 13.6 | O58: 25000 | P58: 2432.4194 | Q58: 1244.1407 | R58: 2482.0606 | S58: 3082.56 | T58: 3082.56 | U58: 3228.4535 | V58: 2809.7453 | W58: 1043.8889 | X58: 3228.4535 | Y58: 1790.2818 | Z58: 3228.4535 | AA58: 2882.5641 | AB58: 3046.4065 | AC58: 1968.5635 | AD58: 2882.5641 | AE58: 2682.3124 | AF58: 2682.3124 | AG58: 2008.7383 | AH58: 2682.3124 | AJ58: 2008.7383 | AK58: 2682.3124 | AL58: 2482.0606 | AM58: 2809.7453 | AN58: 1790.2818 | AO58: 2795.6966 | AP58: 1790.2818 | AQ58: 1544.5183 | AR58: 2882.5641 | AS58: 2882.5641 | AT58: 3228.4535 | AU58: 3228.4535 | AV58: 2809.7453 | AW58: 3046.4065 | AX58: 2227.1948 | AY58: 2204.9228 | AZ58: 2008.7383 | BA58: 2809.7453 | BB58: 2227.1948 | BC58: 3046.4065 | BD58: 1790.2818 | BE58: 2482.0606 | BF58: 2809.7453 | BG58: 2432.4194 | BH58: 1790.2818 | BI58: 2809.7453 | BJ58: 3046.4065 | BK58: 2882.5641 | BL58: 2227.1948 | BM58: 2182.6509 | BN58: 1417.0854 | BO58: 1790.2818 | BP58: 2227.1948 | BQ58: 1409.9999 | BR58: 1544.5183 | BS58: 2682.3124 | BT58: 1417.0854 | BU58: 2008.7383 | BV58: 1023.0111 | BW58: 1402.9145 | BX58: 2008.7383 | BY58: 1038.6695 | BZ58: 2482.0606 | CA58: 3228.4535 | CB58: 3228.4535 | CC58: 3180.0267 | CD58: 1544.5183 | CE58: 1790.2818 | CF58: 2482.0606 | CG58: 1772.379 | CH58: 2227.1948 | CI58: 2008.7383 | CJ58: 2809.7453 | CK58: 2809.7453 | CL58: 1417.0854 | CM58: 1424.1708 | CN58: 1544.5183 | CO58: 1544.5183 | CP58: 2482.0606 | CQ58: 1244.1407 | CR58: 3046.4065 | CS58: 3166.8 | CT58: 3228.4535 | CU58: 2882.5641 | CV58: 2482.0606 | CW58: 2469.6503 | CX58: 2457.24 | CY58: 1544.5183 | CZ58: 1790.2818 | DA58: 2008.7383 | DB58: 1417.0854 | DC58: 1417.0854 | DD58: 1417.0854 | DE58: 1417.0854 | DF58: 1417.0854
A59: 55 | B59: 55 | D59: 2 | F59: Woensdag | G59: Donderdag | H59: Vrijdag | I59: Maandag | J59: Maandag
A60: 56 | B60: 56 | D60: 5 | F60: Vrijdag | G60: Dinsdag | H60: Dinsdag | I60: Dinsdag | J60: Dinsdag
A61: 57 | B61: 57 | D61: 2 | F61: Woensdag | G61: Donderdag | H61: Vrijdag | I61: Maandag | J61: Maandag
A62: 58 | B62: 58 | D62: 4 | F62: Donderdag | G62: Vrijdag | H62: Dinsdag | I62: Dinsdag | J62: Dinsdag
A63: 59 | B63: 59 | D63: 2 | F63: Woensdag | G63: Donderdag | H63: Vrijdag | I63: Maandag | J63: Maandag
A64: 60 | B64: 60 | D64: 2 | F64: Woensdag | G64: Donderdag | H64: Vrijdag | I64: Maandag | J64: Maandag
A65: 61 | B65: 61 | D65: 3 | F65: Donderdag | G65: Vrijdag | H65: Maandag | I65: Maandag | J65: Dinsdag
A66: 62 | B66: 62 | D66: 2 | F66: Woensdag | G66: Donderdag | H66: Vrijdag | I66: Maandag | J66: Maandag
A67: 63 | B67: 63 | D67: 4 | F67: Donderdag | G67: Vrijdag | H67: Dinsdag | I67: Dinsdag | J67: Dinsdag
A68: 64 | B68: 64 | D68: 5 | F68: Vrijdag | G68: Dinsdag | H68: Woensdag | I68: Woensdag | J68: Woensdag
A69: 65 | B69: 65 | D69: 5 | F69: Vrijdag | G69: Dinsdag | H69: Woensdag | I69: Woensdag | J69: Woensdag
A70: 66 | B70: 66 | D70: 5 | F70: Vrijdag | G70: Dinsdag | H70: Woensdag | I70: Woensdag | J70: Woensdag
... A99: 95 | B99: 95 | D99: 2 | F99: Woensdag | G99: Donderdag | H99: Vrijdag | I99: Maandag | J99: Dinsdag

Sheet ES-Exp
A5: Postcode | B5: Zone | C5: Afstand (km) | D5: Transitdagen | E5: Verste Locatie | F5: Laden Maandag = Lossen | G5: Laden Dinsdag = Lossen | H5: Laden Woensdag = Lossen | I5: Laden Donderdag = Lossen | J5: Laden Vrijdag = Lossen | N5: Laadmeters | O5: Gewicht | P5: 1 | Q5: 2 | R5: 3 | S5: 4 | T5: 5 | U5: 6 | W5: 8 | X5: 9 | Y5: 10 | Z5: 11 | AA5: 12 | AB5: 13 | AC5: 14 | AD5: 15 | AE5: 16 | AF5: 17 | AG5: 18 | AH5: 19 | AI5: 20 | AJ5: 21 | AK5: 22 | AL5: 23 | AM5: 24 | AN5: 25 | AO5: 26 | AP5: 27 | AQ5: 28 | AR5: 29 | AS5: 30 | AT5: 31 | AU5: 32 | AV5: 33 | AW5: 34 | AY5: 36 | AZ5: 37 | BB5: 39 | BC5: 40 | BD5: 41 | BE5: 42 | BF5: 43 | BG5: 44 | BH5: 45 | BI5: 46 | BJ5: 47 | BK5: 48 | BL5: 49 | BM5: 50
A6: 1 | B6: 1 | D6: 5 | F6: Vrijdag | G6: Dinsdag | H6: Dinsdag | I6: Dinsdag | J6: Dinsdag | N6: 0 | O6: 0 | P6: Vitoria (Gasteiz) | Q6: Albacete | R6: Alicante | S6: Almeria | T6: Avila | U6: Badajoz | V6: Illes Balears | W6: Barcelona | X6: Burgos | Y6: Caceres | Z6: Cadiz | AA6: Castello de la Plana | AB6: Ciudad Real | AC6: Cordoba | AD6: A Coruna | AE6: Cuenca | AF6: Girona | AG6: Granada | AH6: Guadalajara | AI6: San Sebastian | AJ6: Huelva | AK6: Huesca | AL6: Jaen | AM6: Leon | AN6: Lleida | AO6: Logrono | AP6: Lugo | AQ6: Madrid | AR6: Malaga | AS6: Murcia | AT6: Pamplona | AU6: Ourense | AV6: Oviedo | AW6: Palencia | AX6: Las Palmas (Islas Canarias) | AY6: Pontevedra | AZ6: Salamanca | BA6: Santa Cruz de Tenerife | BB6: Santander | BC6: Segovia | BD6: Sevilla | BE6: Soria | BF6: Tarragona | BG6: Teruel | BH6: Toledo | BI6: Valencia | BJ6: Valladolid | BK6: Bilbao | BL6: Zamora | BM6: Zaragoza
A7: 2 | B7: 2 | D7: 7 | F7: Woensdag | G7: Woensdag | H7: Woensdag | I7: Woensdag | J7: Woensdag | N7: 0.4 | O7: 700 | P7: ='ES-Exp (O)'!P7*(1+Toeslagen!$Q$10) -> 721.20223 | Q7: ='ES-Exp (O)'!Q7*(1+Toeslagen!$Q$10) -> 841.4026 | R7: ='ES-Exp (O)'!R7*(1+Toeslagen!$Q$10) -> 821.3692 | S7: ='ES-Exp (O)'!S7*(1+Toeslagen!$Q$10) -> 941.56957 | T7: ='ES-Exp (O)'!T7*(1+Toeslagen!$Q$10) -> 841.4026 | U7: ='ES-Exp (O)'!U7*(1+Toeslagen!$Q$10) -> 901.50278 | V7: ='ES-Exp (O)'!V7*(1+Toeslagen!$Q$10) -> 0 | W7: ='ES-Exp (O)'!W7*(1+Toeslagen!$Q$10) -> 701.16883 | ... BM7: ='ES-Exp (O)'!BM7*(1+Toeslagen!$Q$10) -> 741.23562
A8: 3 | B8: 3 | D8: 7 | F8: Woensdag | G8: Woensdag | H8: Woensdag | I8: Woensdag | J8: Woensdag | N8: 0.5 | O8: 875 | P8: ='ES-Exp (O)'!P8*(1+Toeslagen!$Q$10) -> 781.30241 | Q8: ='ES-Exp (O)'!Q8*(1+Toeslagen!$Q$10) -> 881.46939 | R8: ='ES-Exp (O)'!R8*(1+Toeslagen!$Q$10) -> 871.45269 | S8: ='ES-Exp (O)'!S8*(1+Toeslagen!$Q$10) -> 981.63636 | T8: ='ES-Exp (O)'!T8*(1+Toeslagen!$Q$10) -> 881.46939 | U8: ='ES-Exp (O)'!U8*(1+Toeslagen!$Q$10) -> 931.55288 | V8: ='ES-Exp (O)'!V8*(1+Toeslagen!$Q$10) -> 0 | W8: ='ES-Exp (O)'!W8*(1+Toeslagen!$Q$10) -> 751.25232 | ... BM8: ='ES-Exp (O)'!BM8*(1+Toeslagen!$Q$10) -> 791.31911
A9: 4 | B9: 4 | D9: 7 | F9: Woensdag | G9: Woensdag | H9: Woensdag | I9: Woensdag | J9: Woensdag | N9: 0.8 | O9: 1400 | P9: ='ES-Exp (O)'!P9*(1+Toeslagen!$Q$10) -> 851.4193 | Q9: ='ES-Exp (O)'!Q9*(1+Toeslagen!$Q$10) -> 1033.7232 | R9: ='ES-Exp (O)'!R9*(1+Toeslagen!$Q$10) -> 995.65974 | S9: ='ES-Exp (O)'!S9*(1+Toeslagen!$Q$10) -> 1282.1373 | T9: ='ES-Exp (O)'!T9*(1+Toeslagen!$Q$10) -> 1033.7232 | U9: ='ES-Exp (O)'!U9*(1+Toeslagen!$Q$10) -> 1125.8768 | V9: ='ES-Exp (O)'!V9*(1+Toeslagen!$Q$10) -> 0 | W9: ='ES-Exp (O)'!W9*(1+Toeslagen!$Q$10) -> 841.4026 | ... BM9: ='ES-Exp (O)'!BM9*(1+Toeslagen!$Q$10) -> 821.3692
A10: 5 | B10: 5 | D10: 7 | F10: Woensdag | G10: Woensdag | H10: Woensdag | I10: Woensdag | J10: Woensdag | N10: 1 | O10: 1750 | P10: ='ES-Exp (O)'!P10*(1+Toeslagen!$Q$10) -> 865.44267 | Q10: ='ES-Exp (O)'!Q10*(1+Toeslagen!$Q$10) -> 1197.997 | R10: ='ES-Exp (O)'!R10*(1+Toeslagen!$Q$10) -> 1139.9002 | S10: ='ES-Exp (O)'!S10*(1+Toeslagen!$Q$10) -> 1482.4712 | T10: ='ES-Exp (O)'!T10*(1+Toeslagen!$Q$10) -> 1197.997 | U10: ='ES-Exp (O)'!U10*(1+Toeslagen!$Q$10) -> 1292.154 | V10: ='ES-Exp (O)'!V10*(1+Toeslagen!$Q$10) -> 0 | W10: ='ES-Exp (O)'!W10*(1+Toeslagen!$Q$10) -> 901.50278 | ... BM10: ='ES-Exp (O)'!BM10*(1+Toeslagen!$Q$10) -> 939.56623
A11: 6 | B11: 6 | D11: 7 | F11: Woensdag | G11: Woensdag | H11: Woensdag | I11: Woensdag | J11: Woensdag | N11: 1.2 | O11: 2100 | P11: ='ES-Exp (O)'!P11*(1+Toeslagen!$Q$10) -> 996.76158 | Q11: ='ES-Exp (O)'!Q11*(1+Toeslagen!$Q$10) -> 1360.2675 | R11: ='ES-Exp (O)'!R11*(1+Toeslagen!$Q$10) -> 1282.1373 | S11: ='ES-Exp (O)'!S11*(1+Toeslagen!$Q$10) -> 1682.8052 | T11: ='ES-Exp (O)'!T11*(1+Toeslagen!$Q$10) -> 1360.2675 | U11: ='ES-Exp (O)'!U11*(1+Toeslagen!$Q$10) -> 1452.4212 | V11: ='ES-Exp (O)'!V11*(1+Toeslagen!$Q$10) -> 0 | W11: ='ES-Exp (O)'!W11*(1+Toeslagen!$Q$10) -> 971.61967 | ... BM11: ='ES-Exp (O)'!BM11*(1+Toeslagen!$Q$10) -> 1059.7666
A12: 8 | B12: 8 | D12: 5 | F12: Vrijdag | G12: Dinsdag | H12: Dinsdag | I12: Dinsdag | J12: Dinsdag | N12: 1.5 | O12: 2625 | P12: ='ES-Exp (O)'!P12*(1+Toeslagen!$Q$10) -> 1141.9035 | Q12: ='ES-Exp (O)'!Q12*(1+Toeslagen!$Q$10) -> 1602.6716 | R12: ='ES-Exp (O)'!R12*(1+Toeslagen!$Q$10) -> 1502.5046 | S12: ='ES-Exp (O)'!S12*(1+Toeslagen!$Q$10) -> 1983.3061 | T12: ='ES-Exp (O)'!T12*(1+Toeslagen!$Q$10) -> 1602.6716 | U12: ='ES-Exp (O)'!U12*(1+Toeslagen!$Q$10) -> 1692.8219 | V12: ='ES-Exp (O)'!V12*(1+Toeslagen!$Q$10) -> 0 | W12: ='ES-Exp (O)'!W12*(1+Toeslagen!$Q$10) -> 1045.7432 | ... BM12: ='ES-Exp (O)'!BM12*(1+Toeslagen!$Q$10) -> 1238.0638
A13: 9 | B13: 9 | D13: 7 | F13: Woensdag | G13: Woensdag | H13: Woensdag | I13: Woensdag | J13: Woensdag | N13: 1.6 | O13: 2800 | P13: ='ES-Exp (O)'!P13*(1+Toeslagen!$Q$10) -> 1202.0037 | Q13: ='ES-Exp (O)'!Q13*(1+Toeslagen!$Q$10) -> 1682.8052 | R13: ='ES-Exp (O)'!R13*(1+Toeslagen!$Q$10) -> 1572.6215 | S13: ='ES-Exp (O)'!S13*(1+Toeslagen!$Q$10) -> 2085.4764 | T13: ='ES-Exp (O)'!T13*(1+Toeslagen!$Q$10) -> 1682.8052 | U13: ='ES-Exp (O)'!U13*(1+Toeslagen!$Q$10) -> 1776.9622 | V13: ='ES-Exp (O)'!V13*(1+Toeslagen!$Q$10) -> 0 | W13: ='ES-Exp (O)'!W13*(1+Toeslagen!$Q$10) -> 1101.8367 | ... BM13: ='ES-Exp (O)'!BM13*(1+Toeslagen!$Q$10) -> 1296.1607
A14: 10 | B14: 10 | D14: 7 | F14: Woensdag | G14: Woensdag | H14: Woensdag | I14: Woensdag | J14: Woensdag | N14: 2 | O14: 3500 | P14: ='ES-Exp (O)'!P14*(1+Toeslagen!$Q$10) -> 1412.3544 | Q14: ='ES-Exp (O)'!Q14*(1+Toeslagen!$Q$10) -> 2011.3529 | R14: ='ES-Exp (O)'!R14*(1+Toeslagen!$Q$10) -> 1859.0991 | S14: ='ES-Exp (O)'!S14*(1+Toeslagen!$Q$10) -> 2492.1544 | T14: ='ES-Exp (O)'!T14*(1+Toeslagen!$Q$10) -> 2011.3529 | U14: ='ES-Exp (O)'!U14*(1+Toeslagen!$Q$10) -> 2103.5065 | V14: ='ES-Exp (O)'!V14*(1+Toeslagen!$Q$10) -> 0 | W14: ='ES-Exp (O)'!W14*(1+Toeslagen!$Q$10) -> 1278.1306 | ... BM14: ='ES-Exp (O)'!BM14*(1+Toeslagen!$Q$10) -> 1534.5581
A15: 11 | B15: 11 | D15: 7 | F15: Woensdag | G15: Woensdag | H15: Woensdag | I15: Woensdag | J15: Woensdag | N15: 2.4 | O15: 4200 | P15: ='ES-Exp (O)'!P15*(1+Toeslagen!$Q$10) -> 1632.7217 | Q15: ='ES-Exp (O)'!Q15*(1+Toeslagen!$Q$10) -> 2333.8905 | R15: ='ES-Exp (O)'!R15*(1+Toeslagen!$Q$10) -> 2153.59 | S15: ='ES-Exp (O)'!S15*(1+Toeslagen!$Q$10) -> 2894.8256 | T15: ='ES-Exp (O)'!T15*(1+Toeslagen!$Q$10) -> 2333.8905 | U15: ='ES-Exp (O)'!U15*(1+Toeslagen!$Q$10) -> 2438.0642 | V15: ='ES-Exp (O)'!V15*(1+Toeslagen!$Q$10) -> 0 | W15: ='ES-Exp (O)'!W15*(1+Toeslagen!$Q$10) -> 1464.4412 | ... BM15: ='ES-Exp (O)'!BM15*(1+Toeslagen!$Q$10) -> 1772.9555
A16: 12 | B16: 12 | D16: 7 | F16: Woensdag | G16: Woensdag | H16: Woensdag | I16: Woensdag | J16: Woensdag | N16: 2.5 | O16: 4375 | P16: ='ES-Exp (O)'!P16*(1+Toeslagen!$Q$10) -> 1686.8119 | Q16: ='ES-Exp (O)'!Q16*(1+Toeslagen!$Q$10) -> 2418.0308 | R16: ='ES-Exp (O)'!R16*(1+Toeslagen!$Q$10) -> 2223.7069 | S16: ='ES-Exp (O)'!S16*(1+Toeslagen!$Q$10) -> 2994.9926 | T16: ='ES-Exp (O)'!T16*(1+Toeslagen!$Q$10) -> 2418.0308 | U16: ='ES-Exp (O)'!U16*(1+Toeslagen!$Q$10) -> 2522.2045 | V16: ='ES-Exp (O)'!V16*(1+Toeslagen!$Q$10) -> 0 | W16: ='ES-Exp (O)'!W16*(1+Toeslagen!$Q$10) -> 1510.518 | ... BM16: ='ES-Exp (O)'!BM16*(1+Toeslagen!$Q$10) -> 1833.0557
A17: 13 | B17: 13 | D17: 7 | F17: Woensdag | G17: Woensdag | H17: Woensdag | I17: Woensdag | J17: Woensdag | N17: 2.8 | O17: 4900 | P17: ='ES-Exp (O)'!P17*(1+Toeslagen!$Q$10) -> 1803.0056 | Q17: ='ES-Exp (O)'!Q17*(1+Toeslagen!$Q$10) -> 2662.4382 | R17: ='ES-Exp (O)'!R17*(1+Toeslagen!$Q$10) -> 2434.0575 | S17: ='ES-Exp (O)'!S17*(1+Toeslagen!$Q$10) -> 3295.4935 | T17: ='ES-Exp (O)'!T17*(1+Toeslagen!$Q$10) -> 2662.4382 | U17: ='ES-Exp (O)'!U17*(1+Toeslagen!$Q$10) -> 2774.6252 | V17: ='ES-Exp (O)'!V17*(1+Toeslagen!$Q$10) -> 0 | W17: ='ES-Exp (O)'!W17*(1+Toeslagen!$Q$10) -> 1648.7484 | ... BM17: ='ES-Exp (O)'!BM17*(1+Toeslagen!$Q$10) -> 2011.3529
A18: 14 | B18: 14 | D18: 7 | F18: Woensdag | G18: Woensdag | H18: Woensdag | I18: Woensdag | J18: Woensdag | N18: 3 | O18: 5250 | P18: ='ES-Exp (O)'!P18*(1+Toeslagen!$Q$10) -> 1941.236 | Q18: ='ES-Exp (O)'!Q18*(1+Toeslagen!$Q$10) -> 2772.6219 | R18: ='ES-Exp (O)'!R18*(1+Toeslagen!$Q$10) -> 2554.2579 | S18: ='ES-Exp (O)'!S18*(1+Toeslagen!$Q$10) -> 3435.7273 | T18: ='ES-Exp (O)'!T18*(1+Toeslagen!$Q$10) -> 2772.6219 | U18: ='ES-Exp (O)'!U18*(1+Toeslagen!$Q$10) -> 2892.8223 | V18: ='ES-Exp (O)'!V18*(1+Toeslagen!$Q$10) -> 0 | W18: ='ES-Exp (O)'!W18*(1+Toeslagen!$Q$10) -> 1728.882 | ... BM18: ='ES-Exp (O)'!BM18*(1+Toeslagen!$Q$10) -> 2107.5132
... A52: 50 | B52: 50 | D52: 7 | F52: Woensdag | G52: Woensdag | H52: Woensdag | I52: Woensdag | J52: Woensdag | N52: 11.5 | O52: 20125 | P52: ='ES-Exp (O)'!P52*(1+Toeslagen!$Q$10) -> 5587.3139 | Q52: ='ES-Exp (O)'!Q52*(1+Toeslagen!$Q$10) -> 7364.2761 | R52: ='ES-Exp (O)'!R52*(1+Toeslagen!$Q$10) -> 7344.2427 | S52: ='ES-Exp (O)'!S52*(1+Toeslagen!$Q$10) -> 9015.0278 | T52: ='ES-Exp (O)'!T52*(1+Toeslagen!$Q$10) -> 7364.2761 | U52: ='ES-Exp (O)'!U52*(1+Toeslagen!$Q$10) -> 8303.8423 | V52: ='ES-Exp (O)'!V52*(1+Toeslagen!$Q$10) -> 0 | W52: ='ES-Exp (O)'!W52*(1+Toeslagen!$Q$10) -> 5565.2772 | ... BM52: ='ES-Exp (O)'!BM52*(1+Toeslagen!$Q$10) -> 6066.1121
N53: 11.6 | O53: 20300 | P53: ='ES-Exp (O)'!P53*(1+Toeslagen!$Q$10) -> 5627.3807 | Q53: ='ES-Exp (O)'!Q53*(1+Toeslagen!$Q$10) -> 7410.3529 | R53: ='ES-Exp (O)'!R53*(1+Toeslagen!$Q$10) -> 7396.3295 | S53: ='ES-Exp (O)'!S53*(1+Toeslagen!$Q$10) -> 9015.0278 | T53: ='ES-Exp (O)'!T53*(1+Toeslagen!$Q$10) -> 7410.3529 | U53: ='ES-Exp (O)'!U53*(1+Toeslagen!$Q$10) -> 8363.9425 | V53: ='ES-Exp (O)'!V53*(1+Toeslagen!$Q$10) -> 0 | W53: ='ES-Exp (O)'!W53*(1+Toeslagen!$Q$10) -> 5611.354 | ... BM53: ='ES-Exp (O)'!BM53*(1+Toeslagen!$Q$10) -> 6110.1855
N54: 12 | O54: 21000 | P54: ='ES-Exp (O)'!P54*(1+Toeslagen!$Q$10) -> 5809.6846 | Q54: ='ES-Exp (O)'!Q54*(1+Toeslagen!$Q$10) -> 7612.6902 | R54: ='ES-Exp (O)'!R54*(1+Toeslagen!$Q$10) -> 7602.6735 | S54: ='ES-Exp (O)'!S54*(1+Toeslagen!$Q$10) -> 9215.3618 | T54: ='ES-Exp (O)'!T54*(1+Toeslagen!$Q$10) -> 7612.6902 | U54: ='ES-Exp (O)'!U54*(1+Toeslagen!$Q$10) -> 8594.3265 | V54: ='ES-Exp (O)'!V54*(1+Toeslagen!$Q$10) -> 0 | W54: ='ES-Exp (O)'!W54*(1+Toeslagen!$Q$10) -> 5783.6412 | ... BM54: ='ES-Exp (O)'!BM54*(1+Toeslagen!$Q$10) -> 6280.4694
N55: 12.4 | O55: 21700 | P55: ='ES-Exp (O)'!P55*(1+Toeslagen!$Q$10) -> 5809.6846 | Q55: ='ES-Exp (O)'!Q55*(1+Toeslagen!$Q$10) -> 7612.6902 | R55: ='ES-Exp (O)'!R55*(1+Toeslagen!$Q$10) -> 7602.6735 | S55: ='ES-Exp (O)'!S55*(1+Toeslagen!$Q$10) -> 9215.3618 | T55: ='ES-Exp (O)'!T55*(1+Toeslagen!$Q$10) -> 7612.6902 | U55: ='ES-Exp (O)'!U55*(1+Toeslagen!$Q$10) -> 8594.3265 | V55: ='ES-Exp (O)'!V55*(1+Toeslagen!$Q$10) -> 0 | W55: ='ES-Exp (O)'!W55*(1+Toeslagen!$Q$10) -> 5783.6412 | ... BM55: ='ES-Exp (O)'!BM55*(1+Toeslagen!$Q$10) -> 6280.4694
N56: 12.5 | O56: 21875 | P56: ='ES-Exp (O)'!P56*(1+Toeslagen!$Q$10) -> 5809.6846 | Q56: ='ES-Exp (O)'!Q56*(1+Toeslagen!$Q$10) -> 7612.6902 | R56: ='ES-Exp (O)'!R56*(1+Toeslagen!$Q$10) -> 7602.6735 | S56: ='ES-Exp (O)'!S56*(1+Toeslagen!$Q$10) -> 9215.3618 | T56: ='ES-Exp (O)'!T56*(1+Toeslagen!$Q$10) -> 7612.6902 | U56: ='ES-Exp (O)'!U56*(1+Toeslagen!$Q$10) -> 8594.3265 | V56: ='ES-Exp (O)'!V56*(1+Toeslagen!$Q$10) -> 0 | W56: ='ES-Exp (O)'!W56*(1+Toeslagen!$Q$10) -> 5783.6412 | ... BM56: ='ES-Exp (O)'!BM56*(1+Toeslagen!$Q$10) -> 6280.4694
N57: 12.8 | O57: 22400 | P57: ='ES-Exp (O)'!P57*(1+Toeslagen!$Q$10) -> 5809.6846 | Q57: ='ES-Exp (O)'!Q57*(1+Toeslagen!$Q$10) -> 7612.6902 | R57: ='ES-Exp (O)'!R57*(1+Toeslagen!$Q$10) -> 7602.6735 | S57: ='ES-Exp (O)'!S57*(1+Toeslagen!$Q$10) -> 9215.3618 | T57: ='ES-Exp (O)'!T57*(1+Toeslagen!$Q$10) -> 7612.6902 | U57: ='ES-Exp (O)'!U57*(1+Toeslagen!$Q$10) -> 8594.3265 | V57: ='ES-Exp (O)'!V57*(1+Toeslagen!$Q$10) -> 0 | W57: ='ES-Exp (O)'!W57*(1+Toeslagen!$Q$10) -> 5783.6412 | ... BM57: ='ES-Exp (O)'!BM57*(1+Toeslagen!$Q$10) -> 6280.4694
N58: 13.6 | O58: 25000 | P58: ='ES-Exp (O)'!P58*(1+Toeslagen!$Q$10) -> 5809.6846 | Q58: ='ES-Exp (O)'!Q58*(1+Toeslagen!$Q$10) -> 7612.6902 | R58: ='ES-Exp (O)'!R58*(1+Toeslagen!$Q$10) -> 7602.6735 | S58: ='ES-Exp (O)'!S58*(1+Toeslagen!$Q$10) -> 9215.3618 | T58: ='ES-Exp (O)'!T58*(1+Toeslagen!$Q$10) -> 7612.6902 | U58: ='ES-Exp (O)'!U58*(1+Toeslagen!$Q$10) -> 8594.3265 | V58: ='ES-Exp (O)'!V58*(1+Toeslagen!$Q$10) -> 0 | W58: ='ES-Exp (O)'!W58*(1+Toeslagen!$Q$10) -> 5783.6412 | ... BM58: ='ES-Exp (O)'!BM58*(1+Toeslagen!$Q$10) -> 6280.4694

Sheet ES-Exp (O)
A5: Postcode | B5: Zone | C5: Afstand (km) | D5: Transitdagen | E5: Verste Locatie | F5: Laden Maandag = Lossen | G5: Laden Dinsdag = Lossen | H5: Laden Woensdag = Lossen | I5: Laden Donderdag = Lossen | J5: Laden Vrijdag = Lossen | N5: Laadmeters | O5: Gewicht | P5: 1 | Q5: 2 | R5: 3 | S5: 4 | T5: 5 | U5: 6 | W5: 8 | X5: 9 | Y5: 10 | Z5: 11 | AA5: 12 | AB5: 13 | AC5: 14 | AD5: 15 | AE5: 16 | AF5: 17 | AG5: 18 | AH5: 19 | AI5: 20 | AJ5: 21 | AK5: 22 | AL5: 23 | AM5: 24 | AN5: 25 | AO5: 26 | AP5: 27 | AQ5: 28 | AR5: 29 | AS5: 30 | AT5: 31 | AU5: 32 | AV5: 33 | AW5: 34 | AY5: 36 | AZ5: 37 | BB5: 39 | BC5: 40 | BD5: 41 | BE5: 42 | BF5: 43 | BG5: 44 | BH5: 45 | BI5: 46 | BJ5: 47 | BK5: 48 | BL5: 49 | BM5: 50
A6: 1 | B6: 1 | D6: 5 | F6: Vrijdag | G6: Dinsdag | H6: Dinsdag | I6: Dinsdag | J6: Dinsdag | N6: 0 | O6: 0 | P6: Vitoria (Gasteiz) | Q6: Albacete | R6: Alicante | S6: Almeria | T6: Avila | U6: Badajoz | V6: Illes Balears | W6: Barcelona | X6: Burgos | Y6: Caceres | Z6: Cadiz | AA6: Castello de la Plana | AB6: Ciudad Real | AC6: Cordoba | AD6: A Coruna | AE6: Cuenca | AF6: Girona | AG6: Granada | AH6: Guadalajara | AI6: San Sebastian | AJ6: Huelva | AK6: Huesca | AL6: Jaen | AM6: Leon | AN6: Lleida | AO6: Logrono | AP6: Lugo | AQ6: Madrid | AR6: Malaga | AS6: Murcia | AT6: Pamplona | AU6: Ourense | AV6: Oviedo | AW6: Palencia | AX6: Las Palmas (Islas Canarias) | AY6: Pontevedra | AZ6: Salamanca | BA6: Santa Cruz de Tenerife | BB6: Santander | BC6: Segovia | BD6: Sevilla | BE6: Soria | BF6: Tarragona | BG6: Teruel | BH6: Toledo | BI6: Valencia | BJ6: Valladolid | BK6: Bilbao | BL6: Zamora | BM6: Zaragoza
A7: 2 | B7: 2 | D7: 7 | F7: Woensdag | G7: Woensdag | H7: Woensdag | I7: Woensdag | J7: Woensdag | N7: 0.4 | O7: 700 | P7: 360.60111 | Q7: 420.7013 | R7: 410.6846 | S7: 470.78479 | T7: 420.7013 | U7: 450.75139 | W7: 350.58442 | X7: 370.61781 | Y7: 440.73469 | Z7: 470.78479 | AA7: 400.6679 | AB7: 430.718 | AC7: 450.75139 | AD7: 470.78479 | AE7: 420.7013 | AF7: 360.60111 | AG7: 450.75139 | AH7: 375.12533 | AI7: 350.58442 | AJ7: 470.78479 | AK7: 390.65121 | AL7: 450.75139 | AM7: 430.718 | AN7: 370.61781 | AO7: 360.60111 | AP7: 460.76809 | AQ7: 375.12533 | AR7: 450.75139 | AS7: 430.718 | AT7: 350.58442 | AU7: 470.78479 | AV7: 410.6846 | AW7: 370.61781 | AY7: 470.78479 | AZ7: 420.7013 | BB7: 370.61781 | BC7: 400.6679 | BD7: 450.75139 | BE7: 370.61781 | BF7: 370.61781 | BG7: 400.6679 | BH7: 410.6846 | BI7: 375.12533 | BJ7: 375.12533 | BK7: 350.58442 | BL7: 420.7013 | BM7: 370.61781
A8: 3 | B8: 3 | D8: 7 | F8: Woensdag | G8: Woensdag | H8: Woensdag | I8: Woensdag | J8: Woensdag | N8: 0.5 | O8: 875 | P8: 390.65121 | Q8: 440.73469 | R8: 435.72635 | S8: 490.81818 | T8: 440.73469 | U8: 465.77644 | W8: 375.62616 | X8: 395.65956 | Y8: 450.75139 | Z8: 490.81818 | AA8: 420.7013 | AB8: 450.75139 | AC8: 465.77644 | AD8: 490.81818 | AE8: 440.73469 | AF8: 390.65121 | AG8: 465.77644 | AH8: 400.6679 | AI8: 375.62616 | AJ8: 490.81818 | AK8: 410.6846 | AL8: 465.77644 | AM8: 450.75139 | AN8: 395.65956 | AO8: 390.65121 | AP8: 485.80983 | AQ8: 400.6679 | AR8: 465.77644 | AS8: 450.75139 | AT8: 375.62616 | AU8: 490.81818 | AV8: 435.72635 | AW8: 395.65956 | AY8: 490.81818 | AZ8: 440.73469 | BB8: 395.65956 | BC8: 420.7013 | BD8: 465.77644 | BE8: 395.65956 | BF8: 395.65956 | BG8: 420.7013 | BH8: 435.72635 | BI8: 400.6679 | BJ8: 400.6679 | BK8: 375.62616 | BL8: 440.73469 | BM8: 395.65956
A9: 4 | B9: 4 | D9: 7 | F9: Woensdag | G9: Woensdag | H9: Woensdag | I9: Woensdag | J9: Woensdag | N9: 0.8 | O9: 1400 | P9: 425.70965 | Q9: 516.8616 | R9: 497.82987 | S9: 641.06865 | T9: 516.8616 | U9: 562.93841 | W9: 420.7013 | X9: 410.6846 | Y9: 540.90167 | Z9: 641.06865 | AA9: 453.7564 | AB9: 518.86494 | AC9: 562.93841 | AD9: 641.06865 | AE9: 516.8616 | AF9: 425.70965 | AG9: 562.93841 | AH9: 435.72635 | AI9: 420.7013 | AJ9: 641.06865 | AK9: 430.718 | AL9: 562.93841 | AM9: 518.86494 | AN9: 410.6846 | AO9: 425.70965 | AP9: 617.02857 | AQ9: 435.72635 | AR9: 562.93841 | AS9: 518.86494 | AT9: 420.7013 | AU9: 641.06865 | AV9: 497.82987 | AW9: 410.6846 | AY9: 641.06865 | AZ9: 516.8616 | BB9: 410.6846 | BC9: 453.7564 | BD9: 562.93841 | BE9: 410.6846 | BF9: 410.6846 | BG9: 453.7564 | BH9: 497.82987 | BI9: 435.72635 | BJ9: 435.72635 | BK9: 420.7013 | BL9: 516.8616 | BM9: 410.6846
A10: 5 | B10: 5 | D10: 7 | F10: Woensdag | G10: Woensdag | H10: Woensdag | I10: Woensdag | J10: Woensdag | N10: 1 | O10: 1750 | P10: 432.72134 | Q10: 598.99852 | R10: 569.95009 | S10: 741.23562 | T10: 598.99852 | U10: 646.077 | W10: 450.75139 | X10: 469.78312 | Y10: 625.04193 | Z10: 741.23562 | AA10: 520.86828 | AB10: 598.99852 | AC10: 646.077 | AD10: 741.23562 | AE10: 598.99852 | AF10: 432.72134 | AG10: 646.077 | AH10: 490.81818 | AI10: 450.75139 | AJ10: 741.23562 | AK10: 495.82653 | AL10: 646.077 | AM10: 598.99852 | AN10: 469.78312 | AO10: 432.72134 | AP10: 706.17718 | AQ10: 490.81818 | AR10: 646.077 | AS10: 598.99852 | AT10: 450.75139 | AU10: 741.23562 | AV10: 569.95009 | AW10: 469.78312 | AY10: 741.23562 | AZ10: 598.99852 | BB10: 469.78312 | BC10: 520.86828 | BD10: 646.077 | BE10: 469.78312 | BF10: 469.78312 | BG10: 520.86828 | BH10: 569.95009 | BI10: 490.81818 | BJ10: 490.81818 | BK10: 450.75139 | BL10: 598.99852 | BM10: 469.78312
A11: 6 | B11: 6 | D11: 7 | F11: Woensdag | G11: Woensdag | H11: Woensdag | I11: Woensdag | J11: Woensdag | N11: 1.2 | O11: 2100 | P11: 498.38079 | Q11: 680.13377 | R11: 641.06865 | S11: 841.4026 | T11: 680.13377 | U11: 726.21058 | W11: 485.80983 | X11: 529.8833 | Y11: 711.18553 | Z11: 841.4026 | AA11: 584.97514 | AB11: 680.13377 | AC11: 726.21058 | AD11: 841.4026 | AE11: 680.13377 | AF11: 498.38079 | AG11: 726.21058 | AH11: 545.91002 | AI11: 485.80983 | AJ11: 841.4026 | AK11: 560.93507 | AL11: 726.21058 | AM11: 680.13377 | AN11: 529.8833 | AO11: 498.38079 | AP11: 796.32746 | AQ11: 545.91002 | AR11: 726.21058 | AS11: 680.13377 | AT11: 485.80983 | AU11: 841.4026 | AV11: 641.06865 | AW11: 529.8833 | AY11: 841.4026 | AZ11: 680.13377 | BB11: 529.8833 | BC11: 584.97514 | BD11: 726.21058 | BE11: 529.8833 | BF11: 529.8833 | BG11: 584.97514 | BH11: 641.06865 | BI11: 545.91002 | BJ11: 545.91002 | BK11: 485.80983 | BL11: 680.13377 | BM11: 529.8833
A12: 8 | B12: 8 | D12: 5 | F12: Vrijdag | G12: Dinsdag | H12: Dinsdag | I12: Dinsdag | J12: Dinsdag | N12: 1.5 | O12: 2625 | P12: 570.95176 | Q12: 801.33581 | R12: 751.25232 | S12: 991.65306 | T12: 801.33581 | U12: 846.41095 | W12: 522.87161 | X12: 619.03191 | Y12: 836.39425 | Z12: 991.65306 | AA12: 684.14045 | AB12: 801.33581 | AC12: 846.41095 | AD12: 991.65306 | AE12: 801.33581 | AF12: 570.95176 | AG12: 846.41095 | AH12: 628.04694 | AI12: 522.87161 | AJ12: 991.65306 | AK12: 662.10371 | AL12: 846.41095 | AM12: 801.33581 | AN12: 619.03191 | AO12: 570.95176 | AP12: 929.54954 | AQ12: 628.04694 | AR12: 846.41095 | AS12: 801.33581 | AT12: 522.87161 | AU12: 991.65306 | AV12: 751.25232 | AW12: 619.03191 | AY12: 991.65306 | AZ12: 801.33581 | BB12: 619.03191 | BC12: 684.14045 | BD12: 846.41095 | BE12: 619.03191 | BF12: 619.03191 | BG12: 684.14045 | BH12: 751.25232 | BI12: 628.04694 | BJ12: 628.04694 | BK12: 522.87161 | BL12: 801.33581 | BM12: 619.03191
A13: 9 | B13: 9 | D13: 7 | F13: Woensdag | G13: Woensdag | H13: Woensdag | I13: Woensdag | J13: Woensdag | N13: 1.6 | O13: 2800 | P13: 601.00186 | Q13: 841.4026 | R13: 786.31076 | S13: 1042.7382 | T13: 841.4026 | U13: 888.48108 | W13: 550.91837 | X13: 648.08033 | Y13: 878.46438 | Z13: 1042.7382 | AA13: 717.19555 | AB13: 841.4026 | AC13: 888.48108 | AD13: 1042.7382 | AE13: 841.4026 | AF13: 601.00186 | AG13: 888.48108 | AH13: 656.09369 | AI13: 550.91837 | AJ13: 1042.7382 | AK13: 696.16048 | AL13: 888.48108 | AM13: 841.4026 | AN13: 648.08033 | AO13: 601.00186 | AP13: 972.62134 | AQ13: 656.09369 | AR13: 888.48108 | AS13: 841.4026 | AT13: 550.91837 | AU13: 1042.7382 | AV13: 786.31076 | AW13: 648.08033 | AY13: 1042.7382 | AZ13: 841.4026 | BB13: 648.08033 | BC13: 717.19555 | BD13: 888.48108 | BE13: 648.08033 | BF13: 648.08033 | BG13: 717.19555 | BH13: 786.31076 | BI13: 656.09369 | BJ13: 656.09369 | BK13: 550.91837 | BL13: 841.4026 | BM13: 648.08033
A14: 10 | B14: 10 | D14: 7 | F14: Woensdag | G14: Woensdag | H14: Woensdag | I14: Woensdag | J14: Woensdag | N14: 2 | O14: 3500 | P14: 706.17718 | Q14: 1005.6764 | R14: 929.54954 | S14: 1246.0772 | T14: 1005.6764 | U14: 1051.7532 | W14: 639.06531 | X14: 767.27904 | Y14: 1048.7482 | Z14: 1246.0772 | AA14: 851.4193 | AB14: 1005.6764 | AC14: 1051.7532 | AD14: 1246.0772 | AE14: 1005.6764 | AF14: 706.17718 | AG14: 1051.7532 | AH14: 771.28572 | AI14: 639.06531 | AJ14: 1246.0772 | AK14: 829.38256 | AL14: 1051.7532 | AM14: 1005.6764 | AN14: 767.27904 | AO14: 706.17718 | AP14: 1151.9202 | AQ14: 771.28572 | AR14: 1051.7532 | AS14: 1005.6764 | AT14: 639.06531 | AU14: 1246.0772 | AV14: 929.54954 | AW14: 767.27904 | AY14: 1246.0772 | AZ14: 1005.6764 | BB14: 767.27904 | BC14: 851.4193 | BD14: 1051.7532 | BE14: 767.27904 | BF14: 767.27904 | BG14: 851.4193 | BH14: 929.54954 | BI14: 771.28572 | BJ14: 771.28572 | BK14: 639.06531 | BL14: 1005.6764 | BM14: 767.27904
A15: 11 | B15: 11 | D15: 7 | F15: Woensdag | G15: Woensdag | H15: Woensdag | I15: Woensdag | J15: Woensdag | N15: 2.4 | O15: 4200 | P15: 816.36085 | Q15: 1166.9453 | R15: 1076.795 | S15: 1447.4128 | T15: 1166.9453 | U15: 1219.0321 | W15: 732.22059 | X15: 886.47774 | Y15: 1219.0321 | Z15: 1447.4128 | AA15: 979.63303 | AB15: 1166.9453 | AC15: 1219.0321 | AD15: 1447.4128 | AE15: 1166.9453 | AF15: 816.36085 | AG15: 1219.0321 | AH15: 878.46438 | AI15: 732.22059 | AJ15: 1447.4128 | AK15: 964.60798 | AL15: 1219.0321 | AM15: 1166.9453 | AN15: 886.47774 | AO15: 816.36085 | AP15: 1329.2158 | AQ15: 878.46438 | AR15: 1219.0321 | AS15: 1166.9453 | AT15: 732.22059 | AU15: 1447.4128 | AV15: 1076.795 | AW15: 886.47774 | AY15: 1447.4128 | AZ15: 1166.9453 | BB15: 886.47774 | BC15: 979.63303 | BD15: 1219.0321 | BE15: 886.47774 | BF15: 886.47774 | BG15: 979.63303 | BH15: 1076.795 | BI15: 878.46438 | BJ15: 878.46438 | BK15: 732.22059 | BL15: 1166.9453 | BM15: 886.47774
A16: 12 | B16: 12 | D16: 7 | F16: Woensdag | G16: Woensdag | H16: Woensdag | I16: Woensdag | J16: Woensdag | N16: 2.5 | O16: 4375 | P16: 843.40594 | Q16: 1209.0154 | R16: 1111.8534 | S16: 1497.4963 | T16: 1209.0154 | U16: 1261.1022 | W16: 755.259 | X16: 916.52783 | Y16: 1261.1022 | Z16: 1497.4963 | AA16: 1011.6865 | AB16: 1209.0154 | AC16: 1261.1022 | AD16: 1497.4963 | AE16: 1209.0154 | AF16: 843.40594 | AG16: 1261.1022 | AH16: 916.52783 | AI16: 755.259 | AJ16: 1497.4963 | AK16: 997.66308 | AL16: 1261.1022 | AM16: 1209.0154 | AN16: 916.52783 | AO16: 843.40594 | AP16: 1374.2909 | AQ16: 916.52783 | AR16: 1261.1022 | AS16: 1209.0154 | AT16: 755.259 | AU16: 1497.4963 | AV16: 1111.8534 | AW16: 916.52783 | AY16: 1497.4963 | AZ16: 1209.0154 | BB16: 916.52783 | BC16: 1011.6865 | BD16: 1261.1022 | BE16: 916.52783 | BF16: 916.52783 | BG16: 1011.6865 | BH16: 1111.8534 | BI16: 916.52783 | BJ16: 916.52783 | BK16: 755.259 | BL16: 1209.0154 | BM16: 916.52783
A17: 13 | B17: 13 | D17: 7 | F17: Woensdag | G17: Woensdag | H17: Woensdag | I17: Woensdag | J17: Woensdag | N17: 2.8 | O17: 4900 | P17: 901.50278 | Q17: 1331.2191 | R17: 1217.0288 | S17: 1647.7468 | T17: 1331.2191 | U17: 1387.3126 | W17: 824.37421 | X17: 1005.6764 | Y17: 1387.3126 | Z17: 1647.7468 | AA17: 1110.8518 | AB17: 1331.2191 | AC17: 1387.3126 | AD17: 1647.7468 | AE17: 1331.2191 | AF17: 901.50278 | AG17: 1387.3126 | AH17: 990.65139 | AI17: 824.37421 | AJ17: 1647.7468 | AK17: 1099.8334 | AL17: 1387.3126 | AM17: 1331.2191 | AN17: 1005.6764 | AO17: 901.50278 | AP17: 1507.513 | AQ17: 990.65139 | AR17: 1387.3126 | AS17: 1331.2191 | AT17: 824.37421 | AU17: 1647.7468 | AV17: 1217.0288 | AW17: 1005.6764 | AY17: 1647.7468 | AZ17: 1331.2191 | BB17: 1005.6764 | BC17: 1110.8518 | BD17: 1387.3126 | BE17: 1005.6764 | BF17: 1005.6764 | BG17: 1110.8518 | BH17: 1217.0288 | BI17: 990.65139 | BJ17: 990.65139 | BK17: 824.37421 | BL17: 1331.2191 | BM17: 1005.6764
A18: 14 | B18: 14 | D18: 7 | F18: Woensdag | G18: Woensdag | H18: Woensdag | I18: Woensdag | J18: Woensdag | N18: 3 | O18: 5250 | P18: 970.618 | Q18: 1386.3109 | R18: 1277.1289 | S18: 1717.8636 | T18: 1386.3109 | U18: 1446.4111 | W18: 864.441 | X18: 1053.7566 | Y18: 1446.4111 | Z18: 1717.8636 | AA18: 1164.9419 | AB18: 1386.3109 | AC18: 1446.4111 | AD18: 1717.8636 | AE18: 1386.3109 | AF18: 970.618 | AG18: 1446.4111 | AH18: 1053.7566 | AI18: 864.441 | AJ18: 1717.8636 | AK18: 1143.9069 | AL18: 1446.4111 | AM18: 1386.3109 | AN18: 1053.7566 | AO18: 970.618 | AP18: 1581.6366 | AQ18: 1053.7566 | AR18: 1446.4111 | AS18: 1386.3109 | AT18: 864.441 | AU18: 1717.8636 | AV18: 1277.1289 | AW18: 1053.7566 | AY18: 1717.8636 | AZ18: 1386.3109 | BB18: 1053.7566 | BC18: 1164.9419 | BD18: 1446.4111 | BE18: 1053.7566 | BF18: 1053.7566 | BG18: 1164.9419 | BH18: 1277.1289 | BI18: 1053.7566 | BJ18: 1053.7566 | BK18: 864.441 | BL18: 1386.3109 | BM18: 1053.7566
... A52: 50 | B52: 50 | D52: 7 | F52: Woensdag | G52: Woensdag | H52: Woensdag | I52: Woensdag | J52: Woensdag | N52: 11.5 | O52: 20125 | P52: 2793.657 | Q52: 3682.138 | R52: 3672.1213 | S52: 4507.5139 | T52: 3682.138 | U52: 4151.9212 | W52: 2782.6386 | X52: 3033.056 | Y52: 3842.4052 | Z52: 4507.5139 | AA52: 3353.5904 | AB52: 3832.3885 | AC52: 4151.9212 | AD52: 4507.5139 | AE52: 3682.138 | AF52: 2793.657 | AG52: 4151.9212 | AH52: 3340.5686 | AI52: 2782.6386 | AJ52: 4507.5139 | AK52: 3055.0928 | AL52: 4151.9212 | AM52: 3832.3885 | AN52: 3033.056 | AO52: 2793.657 | AP52: 4507.5139 | AQ52: 3340.5686 | AR52: 4151.9212 | AS52: 3832.3885 | AT52: 2782.6386 | AU52: 4507.5139 | AV52: 3672.1213 | AW52: 3033.056 | AY52: 4507.5139 | AZ52: 3682.138 | BB52: 3033.056 | BC52: 3353.5904 | BD52: 4151.9212 | BE52: 3033.056 | BF52: 3033.056 | BG52: 3353.5904 | BH52: 3672.1213 | BI52: 3340.5686 | BJ52: 3340.5686 | BK52: 2782.6386 | BL52: 3682.138 | BM52: 3033.056
N53: 11.6 | O53: 20300 | P53: 2813.6904 | Q53: 3705.1764 | R53: 3698.1648 | S53: 4507.5139 | T53: 3705.1764 | U53: 4181.9712 | W53: 2805.677 | X53: 3055.0928 | Y53: 3866.4453 | Z53: 4507.5139 | AA53: 3376.6288 | AB53: 3859.4336 | AC53: 4181.9712 | AD53: 4507.5139 | AE53: 3705.1764 | AF53: 2813.6904 | AG53: 4181.9712 | AH53: 3366.6121 | AI53: 2805.677 | AJ53: 4507.5139 | AK53: 3065.1095 | AL53: 4181.9712 | AM53: 3859.4336 | AN53: 3055.0928 | AO53: 2813.6904 | AP53: 4507.5139 | AQ53: 3366.6121 | AR53: 4181.9712 | AS53: 3859.4336 | AT53: 2805.677 | AU53: 4507.5139 | AV53: 3698.1648 | AW53: 3055.0928 | AY53: 4507.5139 | AZ53: 3705.1764 | BB53: 3055.0928 | BC53: 3376.6288 | BD53: 4181.9712 | BE53: 3055.0928 | BF53: 3055.0928 | BG53: 3376.6288 | BH53: 3698.1648 | BI53: 3366.6121 | BJ53: 3366.6121 | BK53: 2805.677 | BL53: 3705.1764 | BM53: 3055.0928
N54: 12 | O54: 21000 | P54: 2904.8423 | Q54: 3806.3451 | R54: 3801.3367 | S54: 4607.6809 | T54: 3806.3451 | U54: 4297.1633 | W54: 2891.8206 | X54: 3140.2347 | Y54: 3966.6122 | Z54: 4607.6809 | AA54: 3470.7857 | AB54: 3966.6122 | AC54: 4297.1633 | AD54: 4607.6809 | AE54: 3806.3451 | AF54: 2904.8423 | AG54: 4297.1633 | AH54: 3470.7857 | AI54: 2891.8206 | AJ54: 4607.6809 | AK54: 3155.2597 | AL54: 4297.1633 | AM54: 3966.6122 | AN54: 3140.2347 | AO54: 2904.8423 | AP54: 4607.6809 | AQ54: 3470.7857 | AR54: 4297.1633 | AS54: 3966.6122 | AT54: 2891.8206 | AU54: 4607.6809 | AV54: 3801.3367 | AW54: 3140.2347 | AY54: 4607.6809 | AZ54: 3806.3451 | BB54: 3140.2347 | BC54: 3470.7857 | BD54: 4297.1633 | BE54: 3140.2347 | BF54: 3140.2347 | BG54: 3470.7857 | BH54: 3801.3367 | BI54: 3470.7857 | BJ54: 3470.7857 | BK54: 2891.8206 | BL54: 3806.3451 | BM54: 3140.2347
N55: 12.4 | O55: 21700 | P55: 2904.8423 | Q55: 3806.3451 | R55: 3801.3367 | S55: 4607.6809 | T55: 3806.3451 | U55: 4297.1633 | W55: 2891.8206 | X55: 3140.2347 | Y55: 3966.6122 | Z55: 4607.6809 | AA55: 3470.7857 | AB55: 3966.6122 | AC55: 4297.1633 | AD55: 4607.6809 | AE55: 3806.3451 | AF55: 2904.8423 | AG55: 4297.1633 | AH55: 3470.7857 | AI55: 2891.8206 | AJ55: 4607.6809 | AK55: 3155.2597 | AL55: 4297.1633 | AM55: 3966.6122 | AN55: 3140.2347 | AO55: 2904.8423 | AP55: 4607.6809 | AQ55: 3470.7857 | AR55: 4297.1633 | AS55: 3966.6122 | AT55: 2891.8206 | AU55: 4607.6809 | AV55: 3801.3367 | AW55: 3140.2347 | AY55: 4607.6809 | AZ55: 3806.3451 | BB55: 3140.2347 | BC55: 3470.7857 | BD55: 4297.1633 | BE55: 3140.2347 | BF55: 3140.2347 | BG55: 3470.7857 | BH55: 3801.3367 | BI55: 3470.7857 | BJ55: 3470.7857 | BK55: 2891.8206 | BL55: 3806.3451 | BM55: 3140.2347
N56: 12.5 | O56: 21875 | P56: 2904.8423 | Q56: 3806.3451 | R56: 3801.3367 | S56: 4607.6809 | T56: 3806.3451 | U56: 4297.1633 | W56: 2891.8206 | X56: 3140.2347 | Y56: 3966.6122 | Z56: 4607.6809 | AA56: 3470.7857 | AB56: 3966.6122 | AC56: 4297.1633 | AD56: 4607.6809 | AE56: 3806.3451 | AF56: 2904.8423 | AG56: 4297.1633 | AH56: 3470.7857 | AI56: 2891.8206 | AJ56: 4607.6809 | AK56: 3155.2597 | AL56: 4297.1633 | AM56: 3966.6122 | AN56: 3140.2347 | AO56: 2904.8423 | AP56: 4607.6809 | AQ56: 3470.7857 | AR56: 4297.1633 | AS56: 3966.6122 | AT56: 2891.8206 | AU56: 4607.6809 | AV56: 3801.3367 | AW56: 3140.2347 | AY56: 4607.6809 | AZ56: 3806.3451 | BB56: 3140.2347 | BC56: 3470.7857 | BD56: 4297.1633 | BE56: 3140.2347 | BF56: 3140.2347 | BG56: 3470.7857 | BH56: 3801.3367 | BI56: 3470.7857 | BJ56: 3470.7857 | BK56: 2891.8206 | BL56: 3806.3451 | BM56: 3140.2347
N57: 12.8 | O57: 22400 | P57: 2904.8423 | Q57: 3806.3451 | R57: 3801.3367 | S57: 4607.6809 | T57: 3806.3451 | U57: 4297.1633 | W57: 2891.8206 | X57: 3140.2347 | Y57: 3966.6122 | Z57: 4607.6809 | AA57: 3470.7857 | AB57: 3966.6122 | AC57: 4297.1633 | AD57: 4607.6809 | AE57: 3806.3451 | AF57: 2904.8423 | AG57: 4297.1633 | AH57: 3470.7857 | AI57: 2891.8206 | AJ57: 4607.6809 | AK57: 3155.2597 | AL57: 4297.1633 | AM57: 3966.6122 | AN57: 3140.2347 | AO57: 2904.8423 | AP57: 4607.6809 | AQ57: 3470.7857 | AR57: 4297.1633 | AS57: 3966.6122 | AT57: 2891.8206 | AU57: 4607.6809 | AV57: 3801.3367 | AW57: 3140.2347 | AY57: 4607.6809 | AZ57: 3806.3451 | BB57: 3140.2347 | BC57: 3470.7857 | BD57: 4297.1633 | BE57: 3140.2347 | BF57: 3140.2347 | BG57: 3470.7857 | BH57: 3801.3367 | BI57: 3470.7857 | BJ57: 3470.7857 | BK57: 2891.8206 | BL57: 3806.3451 | BM57: 3140.2347
N58: 13.6 | O58: 25000 | P58: 2904.8423 | Q58: 3806.3451 | R58: 3801.3367 | S58: 4607.6809 | T58: 3806.3451 | U58: 4297.1633 | W58: 2891.8206 | X58: 3140.2347 | Y58: 3966.6122 | Z58: 4607.6809 | AA58: 3470.7857 | AB58: 3966.6122 | AC58: 4297.1633 | AD58: 4607.6809 | AE58: 3806.3451 | AF58: 2904.8423 | AG58: 4297.1633 | AH58: 3470.7857 | AI58: 2891.8206 | AJ58: 4607.6809 | AK58: 3155.2597 | AL58: 4297.1633 | AM58: 3966.6122 | AN58: 3140.2347 | AO58: 2904.8423 | AP58: 4607.6809 | AQ58: 3470.7857 | AR58: 4297.1633 | AS58: 3966.6122 | AT58: 2891.8206 | AU58: 4607.6809 | AV58: 3801.3367 | AW58: 3140.2347 | AY58: 4607.6809 | AZ58: 3806.3451 | BB58: 3140.2347 | BC58: 3470.7857 | BD58: 4297.1633 | BE58: 3140.2347 | BF58: 3140.2347 | BG58: 3470.7857 | BH58: 3801.3367 | BI58: 3470.7857 | BJ58: 3470.7857 | BK58: 2891.8206 | BL58: 3806.3451 | BM58: 3140.2347

Sheet PT-Exp
A5: Postcode | B5: Zone | C5: Afstand (km) | D5: Transitdagen | E5: Verste Locatie | F5: Laden Maandag = Lossen | G5: Laden Dinsdag = Lossen | H5: Laden Woensdag = Lossen | I5: Laden Donderdag = Lossen | J5: Laden Vrijdag = Lossen | N5: Laadmeters | O5: Gewicht | Y5: 10 | Z5: 11 | AA5: 12 | AB5: 13 | AC5: 14 | AD5: 15 | AE5: 16 | AF5: 17 | AG5: 18 | AH5: 19 | AI5: 20 | AJ5: 21 | AK5: 22 | AL5: 23 | AM5: 24 | AN5: 25 | AO5: 26 | AP5: 27 | AQ5: 28 | AR5: 29 | AS5: 30 | AT5: 31 | AU5: 32 | AV5: 33 | AW5: 34 | AX5: 35 | AY5: 36 | AZ5: 37 | BA5: 38 | BC5: 40 | BD5: 41 | BE5: 42 | BF5: 43 | BG5: 44 | BH5: 45 | BI5: 46 | BJ5: 47 | BK5: 48 | BL5: 49 | BM5: 50 | BN5: 51 | BO5: 52 | BP5: 53 | BQ5: 54 | BW5: 60 | BX5: 61 | BY5: 62 | BZ5: 63 | CA5: 64 | CG5: 70 | CH5: 71 | CI5: 72 | CJ5: 73 | CK5: 74 | CL5: 75 | CM5: 76 | CN5: 77 | CO5: 78 | CP5: 79 | CQ5: 80 | CR5: 81 | CS5: 82 | CT5: 83 | CU5: 84 | CV5: 85 | CW5: 86 | CX5: 87 | CY5: 88 | CZ5: 89
A6: 10 | B6: 10 | D6: 7 | F6: Woensdag | G6: Woensdag | H6: Woensdag | I6: Woensdag | J6: donderdag | N6: 0 | O6: 0 | Y6: Lisboa | Z6: Lisboa | AA6: Lisboa | AB6: Lisboa | AC6: Lisboa | AD6: Lisboa | AE6: Lisboa | AF6: Lisboa | AG6: Lisboa | AH6: Lisboa | AI6: Santarem | AJ6: Coruche | AK6: Abrantes | AL6: Tomar | AM6: Leiria | AN6: Caldas da Rainha | AO6: Vila Franca de Xira | AP6: Amadora | AQ6: Almada | AR6: Setubal | AS6: Coimbra | AT6: Pombal | AU6: Lousa | AV6: Arganil | AW6: Oliveira do Hospital | AX6: Viseu | AY6: Castro Daire | AZ6: Sao Joao de Madeira | BA6: Aveiro | BC6: Porto | BD6: Porto | BE6: Porto | BF6: Porto | BG6: Vila Nova de Gaia | BH6: Espinho | BI6: Amarante | BJ6: Braga | BK6: Guimares | BL6: Viana do Castelo | BM6: Vila Real | BN6: Lamego | BO6: Mogadouro | BP6: Braganca | BQ6: Chaves | BW6: Castelo Branco | BX6: Serta | BY6: Covilha | BZ6: Guarda | CA6: Pinhel | CG6: Evora | CH6: Estremoz | CI6: Reguengos de Monsaraz | CJ6: Portalegre | CK6: Ponte de Sor | CL6: Vila Nova de Santo André | CM6: Aljustrel | CN6: Almodovar | CO6: Beja | CP6: Ferreira do Alentejo | CQ6: Faro | CR6: Loulé | CS6: Albufeira | CT6: Silves | CU6: Lagoa | CV6: Portimao | CW6: Lagos | CX6: Olhao | CY6: Tavira | CZ6: Vila Real de Santo Antonio
A7: 11 | B7: 11 | D7: 7 | F7: Woensdag | G7: Woensdag | H7: Woensdag | I7: Woensdag | J7: donderdag | N7: 0.4 | O7: 700 | Y7: ='PT-Exp (O)'!Y7*(1+Toeslagen!$Q$11) -> 378.56 | Z7: ='PT-Exp (O)'!Z7*(1+Toeslagen!$Q$11) -> 378.56 | AA7: ='PT-Exp (O)'!AA7*(1+Toeslagen!$Q$11) -> 378.56 | AB7: ='PT-Exp (O)'!AB7*(1+Toeslagen!$Q$11) -> 378.56 | AC7: ='PT-Exp (O)'!AC7*(1+Toeslagen!$Q$11) -> 378.56 | AD7: ='PT-Exp (O)'!AD7*(1+Toeslagen!$Q$11) -> 378.56 | AE7: ='PT-Exp (O)'!AE7*(1+Toeslagen!$Q$11) -> 378.56 | AF7: ='PT-Exp (O)'!AF7*(1+Toeslagen!$Q$11) -> 378.56 | ... CZ7: ='PT-Exp (O)'!CZ7*(1+Toeslagen!$Q$11) -> 416.416
A8: 12 | B8: 12 | D8: 7 | F8: Woensdag | G8: Woensdag | H8: Woensdag | I8: Woensdag | J8: donderdag | N8: 0.5 | O8: 875 | Y8: ='PT-Exp (O)'!Y8*(1+Toeslagen!$Q$11) -> 378.56 | Z8: ='PT-Exp (O)'!Z8*(1+Toeslagen!$Q$11) -> 378.56 | AA8: ='PT-Exp (O)'!AA8*(1+Toeslagen!$Q$11) -> 378.56 | AB8: ='PT-Exp (O)'!AB8*(1+Toeslagen!$Q$11) -> 378.56 | AC8: ='PT-Exp (O)'!AC8*(1+Toeslagen!$Q$11) -> 378.56 | AD8: ='PT-Exp (O)'!AD8*(1+Toeslagen!$Q$11) -> 378.56 | AE8: ='PT-Exp (O)'!AE8*(1+Toeslagen!$Q$11) -> 378.56 | AF8: ='PT-Exp (O)'!AF8*(1+Toeslagen!$Q$11) -> 378.56 | ... CZ8: ='PT-Exp (O)'!CZ8*(1+Toeslagen!$Q$11) -> 416.416
A9: 13 | B9: 13 | D9: 7 | F9: Woensdag | G9: Woensdag | H9: Woensdag | I9: Woensdag | J9: donderdag | N9: 0.8 | O9: 1400 | Y9: ='PT-Exp (O)'!Y9*(1+Toeslagen!$Q$11) -> 400.192 | Z9: ='PT-Exp (O)'!Z9*(1+Toeslagen!$Q$11) -> 400.192 | AA9: ='PT-Exp (O)'!AA9*(1+Toeslagen!$Q$11) -> 400.192 | AB9: ='PT-Exp (O)'!AB9*(1+Toeslagen!$Q$11) -> 400.192 | AC9: ='PT-Exp (O)'!AC9*(1+Toeslagen!$Q$11) -> 400.192 | AD9: ='PT-Exp (O)'!AD9*(1+Toeslagen!$Q$11) -> 400.192 | AE9: ='PT-Exp (O)'!AE9*(1+Toeslagen!$Q$11) -> 400.192 | AF9: ='PT-Exp (O)'!AF9*(1+Toeslagen!$Q$11) -> 400.192 | ... CZ9: ='PT-Exp (O)'!CZ9*(1+Toeslagen!$Q$11) -> 432.64
A10: 14 | B10: 14 | D10: 7 | F10: Woensdag | G10: Woensdag | H10: Woensdag | I10: Woensdag | J10: donderdag | N10: 1 | O10: 1750 | Y10: ='PT-Exp (O)'!Y10*(1+Toeslagen!$Q$11) -> 411.008 | Z10: ='PT-Exp (O)'!Z10*(1+Toeslagen!$Q$11) -> 411.008 | AA10: ='PT-Exp (O)'!AA10*(1+Toeslagen!$Q$11) -> 411.008 | AB10: ='PT-Exp (O)'!AB10*(1+Toeslagen!$Q$11) -> 411.008 | AC10: ='PT-Exp (O)'!AC10*(1+Toeslagen!$Q$11) -> 411.008 | AD10: ='PT-Exp (O)'!AD10*(1+Toeslagen!$Q$11) -> 411.008 | AE10: ='PT-Exp (O)'!AE10*(1+Toeslagen!$Q$11) -> 411.008 | AF10: ='PT-Exp (O)'!AF10*(1+Toeslagen!$Q$11) -> 411.008 | ... CZ10: ='PT-Exp (O)'!CZ10*(1+Toeslagen!$Q$11) -> 448.864
A11: 15 | B11: 15 | D11: 7 | F11: Woensdag | G11: Woensdag | H11: Woensdag | I11: Woensdag | J11: donderdag | N11: 1.2 | O11: 2100 | Y11: ='PT-Exp (O)'!Y11*(1+Toeslagen!$Q$11) -> 486.72 | Z11: ='PT-Exp (O)'!Z11*(1+Toeslagen!$Q$11) -> 486.72 | AA11: ='PT-Exp (O)'!AA11*(1+Toeslagen!$Q$11) -> 486.72 | AB11: ='PT-Exp (O)'!AB11*(1+Toeslagen!$Q$11) -> 486.72 | AC11: ='PT-Exp (O)'!AC11*(1+Toeslagen!$Q$11) -> 486.72 | AD11: ='PT-Exp (O)'!AD11*(1+Toeslagen!$Q$11) -> 486.72 | AE11: ='PT-Exp (O)'!AE11*(1+Toeslagen!$Q$11) -> 486.72 | AF11: ='PT-Exp (O)'!AF11*(1+Toeslagen!$Q$11) -> 486.72 | ... CZ11: ='PT-Exp (O)'!CZ11*(1+Toeslagen!$Q$11) -> 540.8
A12: 16 | B12: 16 | D12: 7 | F12: Woensdag | G12: Woensdag | H12: Woensdag | I12: Woensdag | J12: donderdag | N12: 1.5 | O12: 2625 | Y12: ='PT-Exp (O)'!Y12*(1+Toeslagen!$Q$11) -> 540.8 | Z12: ='PT-Exp (O)'!Z12*(1+Toeslagen!$Q$11) -> 540.8 | AA12: ='PT-Exp (O)'!AA12*(1+Toeslagen!$Q$11) -> 540.8 | AB12: ='PT-Exp (O)'!AB12*(1+Toeslagen!$Q$11) -> 540.8 | AC12: ='PT-Exp (O)'!AC12*(1+Toeslagen!$Q$11) -> 540.8 | AD12: ='PT-Exp (O)'!AD12*(1+Toeslagen!$Q$11) -> 540.8 | AE12: ='PT-Exp (O)'!AE12*(1+Toeslagen!$Q$11) -> 540.8 | AF12: ='PT-Exp (O)'!AF12*(1+Toeslagen!$Q$11) -> 540.8 | ... CZ12: ='PT-Exp (O)'!CZ12*(1+Toeslagen!$Q$11) -> 594.88
A13: 17 | B13: 17 | D13: 7 | F13: Woensdag | G13: Woensdag | H13: Woensdag | I13: Woensdag | J13: donderdag | N13: 1.6 | O13: 2800 | Y13: ='PT-Exp (O)'!Y13*(1+Toeslagen!$Q$11) -> 648.96 | Z13: ='PT-Exp (O)'!Z13*(1+Toeslagen!$Q$11) -> 648.96 | AA13: ='PT-Exp (O)'!AA13*(1+Toeslagen!$Q$11) -> 648.96 | AB13: ='PT-Exp (O)'!AB13*(1+Toeslagen!$Q$11) -> 648.96 | AC13: ='PT-Exp (O)'!AC13*(1+Toeslagen!$Q$11) -> 648.96 | AD13: ='PT-Exp (O)'!AD13*(1+Toeslagen!$Q$11) -> 648.96 | AE13: ='PT-Exp (O)'!AE13*(1+Toeslagen!$Q$11) -> 648.96 | AF13: ='PT-Exp (O)'!AF13*(1+Toeslagen!$Q$11) -> 648.96 | ... CZ13: ='PT-Exp (O)'!CZ13*(1+Toeslagen!$Q$11) -> 703.04
A14: 18 | B14: 18 | D14: 7 | F14: Woensdag | G14: Woensdag | H14: Woensdag | I14: Woensdag | J14: donderdag | N14: 2 | O14: 3500 | Y14: ='PT-Exp (O)'!Y14*(1+Toeslagen!$Q$11) -> 703.04 | Z14: ='PT-Exp (O)'!Z14*(1+Toeslagen!$Q$11) -> 703.04 | AA14: ='PT-Exp (O)'!AA14*(1+Toeslagen!$Q$11) -> 703.04 | AB14: ='PT-Exp (O)'!AB14*(1+Toeslagen!$Q$11) -> 703.04 | AC14: ='PT-Exp (O)'!AC14*(1+Toeslagen!$Q$11) -> 703.04 | AD14: ='PT-Exp (O)'!AD14*(1+Toeslagen!$Q$11) -> 703.04 | AE14: ='PT-Exp (O)'!AE14*(1+Toeslagen!$Q$11) -> 703.04 | AF14: ='PT-Exp (O)'!AF14*(1+Toeslagen!$Q$11) -> 703.04 | ... CZ14: ='PT-Exp (O)'!CZ14*(1+Toeslagen!$Q$11) -> 811.2
A15: 19 | B15: 19 | D15: 7 | F15: Woensdag | G15: Woensdag | H15: Woensdag | I15: Woensdag | J15: donderdag | N15: 2.4 | O15: 4200 | Y15: ='PT-Exp (O)'!Y15*(1+Toeslagen!$Q$11) -> 811.2 | Z15: ='PT-Exp (O)'!Z15*(1+Toeslagen!$Q$11) -> 811.2 | AA15: ='PT-Exp (O)'!AA15*(1+Toeslagen!$Q$11) -> 811.2 | AB15: ='PT-Exp (O)'!AB15*(1+Toeslagen!$Q$11) -> 811.2 | AC15: ='PT-Exp (O)'!AC15*(1+Toeslagen!$Q$11) -> 811.2 | AD15: ='PT-Exp (O)'!AD15*(1+Toeslagen!$Q$11) -> 811.2 | AE15: ='PT-Exp (O)'!AE15*(1+Toeslagen!$Q$11) -> 811.2 | AF15: ='PT-Exp (O)'!AF15*(1+Toeslagen!$Q$11) -> 811.2 | ... CZ15: ='PT-Exp (O)'!CZ15*(1+Toeslagen!$Q$11) -> 919.36
A16: 20 | B16: 20 | D16: 7 | F16: Woensdag | G16: Woensdag | H16: Woensdag | I16: Woensdag | J16: donderdag | N16: 2.5 | O16: 4375 | Y16: ='PT-Exp (O)'!Y16*(1+Toeslagen!$Q$11) -> 865.28 | Z16: ='PT-Exp (O)'!Z16*(1+Toeslagen!$Q$11) -> 865.28 | AA16: ='PT-Exp (O)'!AA16*(1+Toeslagen!$Q$11) -> 865.28 | AB16: ='PT-Exp (O)'!AB16*(1+Toeslagen!$Q$11) -> 865.28 | AC16: ='PT-Exp (O)'!AC16*(1+Toeslagen!$Q$11) -> 865.28 | AD16: ='PT-Exp (O)'!AD16*(1+Toeslagen!$Q$11) -> 865.28 | AE16: ='PT-Exp (O)'!AE16*(1+Toeslagen!$Q$11) -> 865.28 | AF16: ='PT-Exp (O)'!AF16*(1+Toeslagen!$Q$11) -> 865.28 | ... CZ16: ='PT-Exp (O)'!CZ16*(1+Toeslagen!$Q$11) -> 973.44
A17: 21 | B17: 21 | D17: 7 | F17: Woensdag | G17: Woensdag | H17: Woensdag | I17: Woensdag | J17: donderdag | N17: 2.8 | O17: 4900 | Y17: ='PT-Exp (O)'!Y17*(1+Toeslagen!$Q$11) -> 973.44 | Z17: ='PT-Exp (O)'!Z17*(1+Toeslagen!$Q$11) -> 973.44 | AA17: ='PT-Exp (O)'!AA17*(1+Toeslagen!$Q$11) -> 973.44 | AB17: ='PT-Exp (O)'!AB17*(1+Toeslagen!$Q$11) -> 973.44 | AC17: ='PT-Exp (O)'!AC17*(1+Toeslagen!$Q$11) -> 973.44 | AD17: ='PT-Exp (O)'!AD17*(1+Toeslagen!$Q$11) -> 973.44 | AE17: ='PT-Exp (O)'!AE17*(1+Toeslagen!$Q$11) -> 973.44 | AF17: ='PT-Exp (O)'!AF17*(1+Toeslagen!$Q$11) -> 973.44 | ... CZ17: ='PT-Exp (O)'!CZ17*(1+Toeslagen!$Q$11) -> 1081.6
A18: 22 | B18: 22 | D18: 7 | F18: Woensdag | G18: Woensdag | H18: Woensdag | I18: Woensdag | J18: donderdag | N18: 3 | O18: 5250 | Y18: ='PT-Exp (O)'!Y18*(1+Toeslagen!$Q$11) -> 1043.744 | Z18: ='PT-Exp (O)'!Z18*(1+Toeslagen!$Q$11) -> 1043.744 | AA18: ='PT-Exp (O)'!AA18*(1+Toeslagen!$Q$11) -> 1043.744 | AB18: ='PT-Exp (O)'!AB18*(1+Toeslagen!$Q$11) -> 1043.744 | AC18: ='PT-Exp (O)'!AC18*(1+Toeslagen!$Q$11) -> 1043.744 | AD18: ='PT-Exp (O)'!AD18*(1+Toeslagen!$Q$11) -> 1043.744 | AE18: ='PT-Exp (O)'!AE18*(1+Toeslagen!$Q$11) -> 1043.744 | AF18: ='PT-Exp (O)'!AF18*(1+Toeslagen!$Q$11) -> 1043.744 | ... CZ18: ='PT-Exp (O)'!CZ18*(1+Toeslagen!$Q$11) -> 1162.72
... A58: 62 | B58: 62 | D58: 7 | F58: Woensdag | G58: Woensdag | H58: Woensdag | I58: Woensdag | J58: donderdag | N58: 13.6 | O58: 25000 | Y58: ='PT-Exp (O)'!Y58*(1+Toeslagen!$Q$11) -> 4813.12 | Z58: ='PT-Exp (O)'!Z58*(1+Toeslagen!$Q$11) -> 4813.12 | AA58: ='PT-Exp (O)'!AA58*(1+Toeslagen!$Q$11) -> 4813.12 | AB58: ='PT-Exp (O)'!AB58*(1+Toeslagen!$Q$11) -> 4813.12 | AC58: ='PT-Exp (O)'!AC58*(1+Toeslagen!$Q$11) -> 4813.12 | AD58: ='PT-Exp (O)'!AD58*(1+Toeslagen!$Q$11) -> 4813.12 | AE58: ='PT-Exp (O)'!AE58*(1+Toeslagen!$Q$11) -> 4813.12 | AF58: ='PT-Exp (O)'!AF58*(1+Toeslagen!$Q$11) -> 4813.12 | ... CZ58: ='PT-Exp (O)'!CZ58*(1+Toeslagen!$Q$11) -> 5029.44
A59: 63 | B59: 63 | D59: 7 | F59: Woensdag | G59: Woensdag | H59: Woensdag | I59: Woensdag | J59: donderdag
A60: 64 | B60: 64 | D60: 7 | F60: Woensdag | G60: Woensdag | H60: Woensdag | I60: Woensdag | J60: donderdag
A61: 65 | B61: 65 | D61: 7 | F61: Woensdag | G61: Woensdag | H61: Woensdag | I61: Woensdag | J61: donderdag
A62: 66 | B62: 66 | D62: 7 | F62: Woensdag | G62: Woensdag | H62: Woensdag | I62: Woensdag | J62: donderdag
A63: 66 | B63: 66 | D63: 7 | F63: Woensdag | G63: Woensdag | H63: Woensdag | I63: Woensdag | J63: donderdag
A64: 67 | B64: 67 | D64: 7 | F64: Woensdag | G64: Woensdag | H64: Woensdag | I64: Woensdag | J64: donderdag
A65: 67 | B65: 67 | D65: 7 | F65: Woensdag | G65: Woensdag | H65: Woensdag | I65: Woensdag | J65: donderdag
A66: 68 | B66: 68 | D66: 7 | F66: Woensdag | G66: Woensdag | H66: Woensdag | I66: Woensdag | J66: donderdag
A67: 68 | B67: 68 | D67: 7 | F67: Woensdag | G67: Woensdag | H67: Woensdag | I67: Woensdag | J67: donderdag
A68: 69 | B68: 69 | D68: 7 | F68: Woensdag | G68: Woensdag | H68: Woensdag | I68: Woensdag | J68: donderdag
A69: 69 | B69: 69 | D69: 7 | F69: Woensdag | G69: Woensdag | H69: Woensdag | I69: Woensdag | J69: donderdag
A70: 73 | B70: 73 | D70: 7 | F70: Woensdag | G70: Woensdag | H70: Woensdag | I70: Woensdag | J70: donderdag
... A89: 89 | B89: 89 | D89: 7 | F89: Woensdag | G89: Woensdag | H89: Woensdag | I89: Woensdag | J89: donderdag

Sheet PT-Exp (O)
A5: Postcode | B5: Zone | C5: Afstand (km) | D5: Transitdagen | E5: Verste Locatie | F5: Laden Maandag = Lossen | G5: Laden Dinsdag = Lossen | H5: Laden Woensdag = Lossen | I5: Laden Donderdag = Lossen | J5: Laden Vrijdag = Lossen | N5: Laadmeters | O5: Gewicht | Y5: 10 | Z5: 11 | AA5: 12 | AB5: 13 | AC5: 14 | AD5: 15 | AE5: 16 | AF5: 17 | AG5: 18 | AH5: 19 | AI5: 20 | AJ5: 21 | AK5: 22 | AL5: 23 | AM5: 24 | AN5: 25 | AO5: 26 | AP5: 27 | AQ5: 28 | AR5: 29 | AS5: 30 | AT5: 31 | AU5: 32 | AV5: 33 | AW5: 34 | AX5: 35 | AY5: 36 | AZ5: 37 | BA5: 38 | BC5: 40 | BD5: 41 | BE5: 42 | BF5: 43 | BG5: 44 | BH5: 45 | BI5: 46 | BJ5: 47 | BK5: 48 | BL5: 49 | BM5: 50 | BN5: 51 | BO5: 52 | BP5: 53 | BQ5: 54 | BW5: 60 | BX5: 61 | BY5: 62 | BZ5: 63 | CA5: 64 | CG5: 70 | CH5: 71 | CI5: 72 | CJ5: 73 | CK5: 74 | CL5: 75 | CM5: 76 | CN5: 77 | CO5: 78 | CP5: 79 | CQ5: 80 | CR5: 81 | CS5: 82 | CT5: 83 | CU5: 84 | CV5: 85 | CW5: 86 | CX5: 87 | CY5: 88 | CZ5: 89
A6: 10 | B6: 10 | D6: 7 | F6: Woensdag | G6: Woensdag | H6: Woensdag | I6: Woensdag | J6: donderdag | N6: 0 | O6: 0 | Y6: Lisboa | Z6: Lisboa | AA6: Lisboa | AB6: Lisboa | AC6: Lisboa | AD6: Lisboa | AE6: Lisboa | AF6: Lisboa | AG6: Lisboa | AH6: Lisboa | AI6: Santarem | AJ6: Coruche | AK6: Abrantes | AL6: Tomar | AM6: Leiria | AN6: Caldas da Rainha | AO6: Vila Franca de Xira | AP6: Amadora | AQ6: Almada | AR6: Setubal | AS6: Coimbra | AT6: Pombal | AU6: Lousa | AV6: Arganil | AW6: Oliveira do Hospital | AX6: Viseu | AY6: Castro Daire | AZ6: Sao Joao de Madeira | BA6: Aveiro | BC6: Porto | BD6: Porto | BE6: Porto | BF6: Porto | BG6: Vila Nova de Gaia | BH6: Espinho | BI6: Amarante | BJ6: Braga | BK6: Guimares | BL6: Viana do Castelo | BM6: Vila Real | BN6: Lamego | BO6: Mogadouro | BP6: Braganca | BQ6: Chaves | BW6: Castelo Branco | BX6: Serta | BY6: Covilha | BZ6: Guarda | CA6: Pinhel | CG6: Evora | CH6: Estremoz | CI6: Reguengos de Monsaraz | CJ6: Portalegre | CK6: Ponte de Sor | CL6: Vila Nova de Santo André | CM6: Aljustrel | CN6: Almodovar | CO6: Beja | CP6: Ferreira do Alentejo | CQ6: Faro | CR6: Loulé | CS6: Albufeira | CT6: Silves | CU6: Lagoa | CV6: Portimao | CW6: Lagos | CX6: Olhao | CY6: Tavira | CZ6: Vila Real de Santo Antonio
A7: 11 | B7: 11 | D7: 7 | F7: Woensdag | G7: Woensdag | H7: Woensdag | I7: Woensdag | J7: donderdag | N7: 0.4 | O7: 700 | Y7: 378.56 | Z7: 378.56 | AA7: 378.56 | AB7: 378.56 | AC7: 378.56 | AD7: 378.56 | AE7: 378.56 | AF7: 378.56 | AG7: 378.56 | AH7: 378.56 | AI7: 378.56 | AJ7: 378.56 | AK7: 378.56 | AL7: 378.56 | AM7: 378.56 | AN7: 378.56 | AO7: 378.56 | AP7: 378.56 | AQ7: 378.56 | AR7: 378.56 | AS7: 348.2752 | AT7: 348.2752 | AU7: 348.2752 | AV7: 348.2752 | AW7: 348.2752 | AX7: 348.2752 | AY7: 348.2752 | AZ7: 348.2752 | BA7: 348.2752 | BB7: 0 | BC7: 348.2752 | BD7: 348.2752 | BE7: 348.2752 | BF7: 348.2752 | BG7: 348.2752 | BH7: 348.2752 | BI7: 348.2752 | BJ7: 348.2752 | BK7: 348.2752 | BL7: 348.2752 | BM7: 348.2752 | BN7: 348.2752 | BO7: 348.2752 | BP7: 348.2752 | BQ7: 348.2752 | BR7: 0 | BS7: 0 | BT7: 0 | BU7: 0 | BV7: 0 | BW7: 348.2752 | BX7: 348.2752 | BY7: 348.2752 | BZ7: 348.2752 | CA7: 348.2752 | CB7: 0 | CC7: 0 | CD7: 0 | CE7: 0 | CF7: 0 | CG7: 416.416 | CH7: 416.416 | CI7: 416.416 | CJ7: 416.416 | CK7: 416.416 | CL7: 416.416 | CM7: 416.416 | CN7: 416.416 | CO7: 416.416 | CP7: 416.416 | CQ7: 416.416 | CR7: 416.416 | CS7: 416.416 | CT7: 416.416 | CU7: 416.416 | CV7: 416.416 | CW7: 416.416 | CX7: 416.416 | CY7: 416.416 | CZ7: 416.416
A8: 12 | B8: 12 | D8: 7 | F8: Woensdag | G8: Woensdag | H8: Woensdag | I8: Woensdag | J8: donderdag | N8: 0.5 | O8: 875 | Y8: 378.56 | Z8: 378.56 | AA8: 378.56 | AB8: 378.56 | AC8: 378.56 | AD8: 378.56 | AE8: 378.56 | AF8: 378.56 | AG8: 378.56 | AH8: 378.56 | AI8: 378.56 | AJ8: 378.56 | AK8: 378.56 | AL8: 378.56 | AM8: 378.56 | AN8: 378.56 | AO8: 378.56 | AP8: 378.56 | AQ8: 378.56 | AR8: 378.56 | AS8: 348.2752 | AT8: 348.2752 | AU8: 348.2752 | AV8: 348.2752 | AW8: 348.2752 | AX8: 348.2752 | AY8: 348.2752 | AZ8: 348.2752 | BA8: 348.2752 | BB8: 0 | BC8: 348.2752 | BD8: 348.2752 | BE8: 348.2752 | BF8: 348.2752 | BG8: 348.2752 | BH8: 348.2752 | BI8: 348.2752 | BJ8: 348.2752 | BK8: 348.2752 | BL8: 348.2752 | BM8: 348.2752 | BN8: 348.2752 | BO8: 348.2752 | BP8: 348.2752 | BQ8: 348.2752 | BR8: 0 | BS8: 0 | BT8: 0 | BU8: 0 | BV8: 0 | BW8: 348.2752 | BX8: 348.2752 | BY8: 348.2752 | BZ8: 348.2752 | CA8: 348.2752 | CB8: 0 | CC8: 0 | CD8: 0 | CE8: 0 | CF8: 0 | CG8: 416.416 | CH8: 416.416 | CI8: 416.416 | CJ8: 416.416 | CK8: 416.416 | CL8: 416.416 | CM8: 416.416 | CN8: 416.416 | CO8: 416.416 | CP8: 416.416 | CQ8: 416.416 | CR8: 416.416 | CS8: 416.416 | CT8: 416.416 | CU8: 416.416 | CV8: 416.416 | CW8: 416.416 | CX8: 416.416 | CY8: 416.416 | CZ8: 416.416
A9: 13 | B9: 13 | D9: 7 | F9: Woensdag | G9: Woensdag | H9: Woensdag | I9: Woensdag | J9: donderdag | N9: 0.8 | O9: 1400 | Y9: 400.192 | Z9: 400.192 | AA9: 400.192 | AB9: 400.192 | AC9: 400.192 | AD9: 400.192 | AE9: 400.192 | AF9: 400.192 | AG9: 400.192 | AH9: 400.192 | AI9: 400.192 | AJ9: 400.192 | AK9: 400.192 | AL9: 400.192 | AM9: 400.192 | AN9: 400.192 | AO9: 400.192 | AP9: 400.192 | AQ9: 400.192 | AR9: 400.192 | AS9: 367.744 | AT9: 367.744 | AU9: 367.744 | AV9: 367.744 | AW9: 367.744 | AX9: 367.744 | AY9: 367.744 | AZ9: 367.744 | BA9: 367.744 | BB9: 0 | BC9: 367.744 | BD9: 367.744 | BE9: 367.744 | BF9: 367.744 | BG9: 367.744 | BH9: 367.744 | BI9: 367.744 | BJ9: 367.744 | BK9: 367.744 | BL9: 367.744 | BM9: 367.744 | BN9: 367.744 | BO9: 367.744 | BP9: 367.744 | BQ9: 367.744 | BR9: 0 | BS9: 0 | BT9: 0 | BU9: 0 | BV9: 0 | BW9: 367.744 | BX9: 367.744 | BY9: 367.744 | BZ9: 367.744 | CA9: 367.744 | CB9: 0 | CC9: 0 | CD9: 0 | CE9: 0 | CF9: 0 | CG9: 432.64 | CH9: 432.64 | CI9: 432.64 | CJ9: 432.64 | CK9: 432.64 | CL9: 432.64 | CM9: 432.64 | CN9: 432.64 | CO9: 432.64 | CP9: 432.64 | CQ9: 432.64 | CR9: 432.64 | CS9: 432.64 | CT9: 432.64 | CU9: 432.64 | CV9: 432.64 | CW9: 432.64 | CX9: 432.64 | CY9: 432.64 | CZ9: 432.64
A10: 14 | B10: 14 | D10: 7 | F10: Woensdag | G10: Woensdag | H10: Woensdag | I10: Woensdag | J10: donderdag | N10: 1 | O10: 1750 | Y10: 411.008 | Z10: 411.008 | AA10: 411.008 | AB10: 411.008 | AC10: 411.008 | AD10: 411.008 | AE10: 411.008 | AF10: 411.008 | AG10: 411.008 | AH10: 411.008 | AI10: 411.008 | AJ10: 411.008 | AK10: 411.008 | AL10: 411.008 | AM10: 411.008 | AN10: 411.008 | AO10: 411.008 | AP10: 411.008 | AQ10: 411.008 | AR10: 411.008 | AS10: 378.56 | AT10: 378.56 | AU10: 378.56 | AV10: 378.56 | AW10: 378.56 | AX10: 378.56 | AY10: 378.56 | AZ10: 378.56 | BA10: 378.56 | BB10: 0 | BC10: 378.56 | BD10: 378.56 | BE10: 378.56 | BF10: 378.56 | BG10: 378.56 | BH10: 378.56 | BI10: 378.56 | BJ10: 378.56 | BK10: 378.56 | BL10: 378.56 | BM10: 378.56 | BN10: 378.56 | BO10: 378.56 | BP10: 378.56 | BQ10: 378.56 | BR10: 0 | BS10: 0 | BT10: 0 | BU10: 0 | BV10: 0 | BW10: 378.56 | BX10: 378.56 | BY10: 378.56 | BZ10: 378.56 | CA10: 378.56 | CB10: 0 | CC10: 0 | CD10: 0 | CE10: 0 | CF10: 0 | CG10: 448.864 | CH10: 448.864 | CI10: 448.864 | CJ10: 448.864 | CK10: 448.864 | CL10: 448.864 | CM10: 448.864 | CN10: 448.864 | CO10: 448.864 | CP10: 448.864 | CQ10: 448.864 | CR10: 448.864 | CS10: 448.864 | CT10: 448.864 | CU10: 448.864 | CV10: 448.864 | CW10: 448.864 | CX10: 448.864 | CY10: 448.864 | CZ10: 448.864
A11: 15 | B11: 15 | D11: 7 | F11: Woensdag | G11: Woensdag | H11: Woensdag | I11: Woensdag | J11: donderdag | N11: 1.2 | O11: 2100 | Y11: 486.72 | Z11: 486.72 | AA11: 486.72 | AB11: 486.72 | AC11: 486.72 | AD11: 486.72 | AE11: 486.72 | AF11: 486.72 | AG11: 486.72 | AH11: 486.72 | AI11: 486.72 | AJ11: 486.72 | AK11: 486.72 | AL11: 486.72 | AM11: 486.72 | AN11: 486.72 | AO11: 486.72 | AP11: 486.72 | AQ11: 486.72 | AR11: 486.72 | AS11: 459.68 | AT11: 459.68 | AU11: 459.68 | AV11: 459.68 | AW11: 459.68 | AX11: 459.68 | AY11: 459.68 | AZ11: 459.68 | BA11: 459.68 | BB11: 0 | BC11: 459.68 | BD11: 459.68 | BE11: 459.68 | BF11: 459.68 | BG11: 459.68 | BH11: 459.68 | BI11: 459.68 | BJ11: 459.68 | BK11: 459.68 | BL11: 459.68 | BM11: 459.68 | BN11: 459.68 | BO11: 459.68 | BP11: 459.68 | BQ11: 459.68 | BR11: 0 | BS11: 0 | BT11: 0 | BU11: 0 | BV11: 0 | BW11: 459.68 | BX11: 459.68 | BY11: 459.68 | BZ11: 459.68 | CA11: 459.68 | CB11: 0 | CC11: 0 | CD11: 0 | CE11: 0 | CF11: 0 | CG11: 540.8 | CH11: 540.8 | CI11: 540.8 | CJ11: 540.8 | CK11: 540.8 | CL11: 540.8 | CM11: 540.8 | CN11: 540.8 | CO11: 540.8 | CP11: 540.8 | CQ11: 540.8 | CR11: 540.8 | CS11: 540.8 | CT11: 540.8 | CU11: 540.8 | CV11: 540.8 | CW11: 540.8 | CX11: 540.8 | CY11: 540.8 | CZ11: 540.8
A12: 16 | B12: 16 | D12: 7 | F12: Woensdag | G12: Woensdag | H12: Woensdag | I12: Woensdag | J12: donderdag | N12: 1.5 | O12: 2625 | Y12: 540.8 | Z12: 540.8 | AA12: 540.8 | AB12: 540.8 | AC12: 540.8 | AD12: 540.8 | AE12: 540.8 | AF12: 540.8 | AG12: 540.8 | AH12: 540.8 | AI12: 540.8 | AJ12: 540.8 | AK12: 540.8 | AL12: 540.8 | AM12: 540.8 | AN12: 540.8 | AO12: 540.8 | AP12: 540.8 | AQ12: 540.8 | AR12: 540.8 | AS12: 522.4128 | AT12: 522.4128 | AU12: 522.4128 | AV12: 522.4128 | AW12: 522.4128 | AX12: 522.4128 | AY12: 522.4128 | AZ12: 522.4128 | BA12: 522.4128 | BB12: 0 | BC12: 522.4128 | BD12: 522.4128 | BE12: 522.4128 | BF12: 522.4128 | BG12: 522.4128 | BH12: 522.4128 | BI12: 522.4128 | BJ12: 522.4128 | BK12: 522.4128 | BL12: 522.4128 | BM12: 522.4128 | BN12: 522.4128 | BO12: 522.4128 | BP12: 522.4128 | BQ12: 522.4128 | BR12: 0 | BS12: 0 | BT12: 0 | BU12: 0 | BV12: 0 | BW12: 522.4128 | BX12: 522.4128 | BY12: 522.4128 | BZ12: 522.4128 | CA12: 522.4128 | CB12: 0 | CC12: 0 | CD12: 0 | CE12: 0 | CF12: 0 | CG12: 594.88 | CH12: 594.88 | CI12: 594.88 | CJ12: 594.88 | CK12: 594.88 | CL12: 594.88 | CM12: 594.88 | CN12: 594.88 | CO12: 594.88 | CP12: 594.88 | CQ12: 594.88 | CR12: 594.88 | CS12: 594.88 | CT12: 594.88 | CU12: 594.88 | CV12: 594.88 | CW12: 594.88 | CX12: 594.88 | CY12: 594.88 | CZ12: 594.88
A13: 17 | B13: 17 | D13: 7 | F13: Woensdag | G13: Woensdag | H13: Woensdag | I13: Woensdag | J13: donderdag | N13: 1.6 | O13: 2800 | Y13: 648.96 | Z13: 648.96 | AA13: 648.96 | AB13: 648.96 | AC13: 648.96 | AD13: 648.96 | AE13: 648.96 | AF13: 648.96 | AG13: 648.96 | AH13: 648.96 | AI13: 648.96 | AJ13: 648.96 | AK13: 648.96 | AL13: 648.96 | AM13: 648.96 | AN13: 648.96 | AO13: 648.96 | AP13: 648.96 | AQ13: 648.96 | AR13: 648.96 | AS13: 594.88 | AT13: 594.88 | AU13: 594.88 | AV13: 594.88 | AW13: 594.88 | AX13: 594.88 | AY13: 594.88 | AZ13: 594.88 | BA13: 594.88 | BB13: 0 | BC13: 594.88 | BD13: 594.88 | BE13: 594.88 | BF13: 594.88 | BG13: 594.88 | BH13: 594.88 | BI13: 594.88 | BJ13: 594.88 | BK13: 594.88 | BL13: 594.88 | BM13: 594.88 | BN13: 594.88 | BO13: 594.88 | BP13: 594.88 | BQ13: 594.88 | BR13: 0 | BS13: 0 | BT13: 0 | BU13: 0 | BV13: 0 | BW13: 594.88 | BX13: 594.88 | BY13: 594.88 | BZ13: 594.88 | CA13: 594.88 | CB13: 0 | CC13: 0 | CD13: 0 | CE13: 0 | CF13: 0 | CG13: 703.04 | CH13: 703.04 | CI13: 703.04 | CJ13: 703.04 | CK13: 703.04 | CL13: 703.04 | CM13: 703.04 | CN13: 703.04 | CO13: 703.04 | CP13: 703.04 | CQ13: 703.04 | CR13: 703.04 | CS13: 703.04 | CT13: 703.04 | CU13: 703.04 | CV13: 703.04 | CW13: 703.04 | CX13: 703.04 | CY13: 703.04 | CZ13: 703.04
A14: 18 | B14: 18 | D14: 7 | F14: Woensdag | G14: Woensdag | H14: Woensdag | I14: Woensdag | J14: donderdag | N14: 2 | O14: 3500 | Y14: 703.04 | Z14: 703.04 | AA14: 703.04 | AB14: 703.04 | AC14: 703.04 | AD14: 703.04 | AE14: 703.04 | AF14: 703.04 | AG14: 703.04 | AH14: 703.04 | AI14: 703.04 | AJ14: 703.04 | AK14: 703.04 | AL14: 703.04 | AM14: 703.04 | AN14: 703.04 | AO14: 703.04 | AP14: 703.04 | AQ14: 703.04 | AR14: 703.04 | AS14: 686.816 | AT14: 686.816 | AU14: 686.816 | AV14: 686.816 | AW14: 686.816 | AX14: 686.816 | AY14: 686.816 | AZ14: 686.816 | BA14: 686.816 | BB14: 0 | BC14: 686.816 | BD14: 686.816 | BE14: 686.816 | BF14: 686.816 | BG14: 686.816 | BH14: 686.816 | BI14: 686.816 | BJ14: 686.816 | BK14: 686.816 | BL14: 686.816 | BM14: 686.816 | BN14: 686.816 | BO14: 686.816 | BP14: 686.816 | BQ14: 686.816 | BR14: 0 | BS14: 0 | BT14: 0 | BU14: 0 | BV14: 0 | BW14: 686.816 | BX14: 686.816 | BY14: 686.816 | BZ14: 686.816 | CA14: 686.816 | CB14: 0 | CC14: 0 | CD14: 0 | CE14: 0 | CF14: 0 | CG14: 811.2 | CH14: 811.2 | CI14: 811.2 | CJ14: 811.2 | CK14: 811.2 | CL14: 811.2 | CM14: 811.2 | CN14: 811.2 | CO14: 811.2 | CP14: 811.2 | CQ14: 811.2 | CR14: 811.2 | CS14: 811.2 | CT14: 811.2 | CU14: 811.2 | CV14: 811.2 | CW14: 811.2 | CX14: 811.2 | CY14: 811.2 | CZ14: 811.2
A15: 19 | B15: 19 | D15: 7 | F15: Woensdag | G15: Woensdag | H15: Woensdag | I15: Woensdag | J15: donderdag | N15: 2.4 | O15: 4200 | Y15: 811.2 | Z15: 811.2 | AA15: 811.2 | AB15: 811.2 | AC15: 811.2 | AD15: 811.2 | AE15: 811.2 | AF15: 811.2 | AG15: 811.2 | AH15: 811.2 | AI15: 811.2 | AJ15: 811.2 | AK15: 811.2 | AL15: 811.2 | AM15: 811.2 | AN15: 811.2 | AO15: 811.2 | AP15: 811.2 | AQ15: 811.2 | AR15: 811.2 | AS15: 805.792 | AT15: 805.792 | AU15: 805.792 | AV15: 805.792 | AW15: 805.792 | AX15: 805.792 | AY15: 805.792 | AZ15: 805.792 | BA15: 805.792 | BB15: 0 | BC15: 805.792 | BD15: 805.792 | BE15: 805.792 | BF15: 805.792 | BG15: 805.792 | BH15: 805.792 | BI15: 805.792 | BJ15: 805.792 | BK15: 805.792 | BL15: 805.792 | BM15: 805.792 | BN15: 805.792 | BO15: 805.792 | BP15: 805.792 | BQ15: 805.792 | BR15: 0 | BS15: 0 | BT15: 0 | BU15: 0 | BV15: 0 | BW15: 805.792 | BX15: 805.792 | BY15: 805.792 | BZ15: 805.792 | CA15: 805.792 | CB15: 0 | CC15: 0 | CD15: 0 | CE15: 0 | CF15: 0 | CG15: 919.36 | CH15: 919.36 | CI15: 919.36 | CJ15: 919.36 | CK15: 919.36 | CL15: 919.36 | CM15: 919.36 | CN15: 919.36 | CO15: 919.36 | CP15: 919.36 | CQ15: 919.36 | CR15: 919.36 | CS15: 919.36 | CT15: 919.36 | CU15: 919.36 | CV15: 919.36 | CW15: 919.36 | CX15: 919.36 | CY15: 919.36 | CZ15: 919.36
A16: 20 | B16: 20 | D16: 7 | F16: Woensdag | G16: Woensdag | H16: Woensdag | I16: Woensdag | J16: donderdag | N16: 2.5 | O16: 4375 | Y16: 865.28 | Z16: 865.28 | AA16: 865.28 | AB16: 865.28 | AC16: 865.28 | AD16: 865.28 | AE16: 865.28 | AF16: 865.28 | AG16: 865.28 | AH16: 865.28 | AI16: 865.28 | AJ16: 865.28 | AK16: 865.28 | AL16: 865.28 | AM16: 865.28 | AN16: 865.28 | AO16: 865.28 | AP16: 865.28 | AQ16: 865.28 | AR16: 865.28 | AS16: 850.1376 | AT16: 850.1376 | AU16: 850.1376 | AV16: 850.1376 | AW16: 850.1376 | AX16: 850.1376 | AY16: 850.1376 | AZ16: 850.1376 | BA16: 850.1376 | BB16: 0 | BC16: 850.1376 | BD16: 850.1376 | BE16: 850.1376 | BF16: 850.1376 | BG16: 850.1376 | BH16: 850.1376 | BI16: 850.1376 | BJ16: 850.1376 | BK16: 850.1376 | BL16: 850.1376 | BM16: 850.1376 | BN16: 850.1376 | BO16: 850.1376 | BP16: 850.1376 | BQ16: 850.1376 | BR16: 0 | BS16: 0 | BT16: 0 | BU16: 0 | BV16: 0 | BW16: 850.1376 | BX16: 850.1376 | BY16: 850.1376 | BZ16: 850.1376 | CA16: 850.1376 | CB16: 0 | CC16: 0 | CD16: 0 | CE16: 0 | CF16: 0 | CG16: 973.44 | CH16: 973.44 | CI16: 973.44 | CJ16: 973.44 | CK16: 973.44 | CL16: 973.44 | CM16: 973.44 | CN16: 973.44 | CO16: 973.44 | CP16: 973.44 | CQ16: 973.44 | CR16: 973.44 | CS16: 973.44 | CT16: 973.44 | CU16: 973.44 | CV16: 973.44 | CW16: 973.44 | CX16: 973.44 | CY16: 973.44 | CZ16: 973.44
A17: 21 | B17: 21 | D17: 7 | F17: Woensdag | G17: Woensdag | H17: Woensdag | I17: Woensdag | J17: donderdag | N17: 2.8 | O17: 4900 | Y17: 973.44 | Z17: 973.44 | AA17: 973.44 | AB17: 973.44 | AC17: 973.44 | AD17: 973.44 | AE17: 973.44 | AF17: 973.44 | AG17: 973.44 | AH17: 973.44 | AI17: 973.44 | AJ17: 973.44 | AK17: 973.44 | AL17: 973.44 | AM17: 973.44 | AN17: 973.44 | AO17: 973.44 | AP17: 973.44 | AQ17: 973.44 | AR17: 973.44 | AS17: 968.032 | AT17: 968.032 | AU17: 968.032 | AV17: 968.032 | AW17: 968.032 | AX17: 968.032 | AY17: 968.032 | AZ17: 968.032 | BA17: 968.032 | BB17: 0 | BC17: 968.032 | BD17: 968.032 | BE17: 968.032 | BF17: 968.032 | BG17: 968.032 | BH17: 968.032 | BI17: 968.032 | BJ17: 968.032 | BK17: 968.032 | BL17: 968.032 | BM17: 968.032 | BN17: 968.032 | BO17: 968.032 | BP17: 968.032 | BQ17: 968.032 | BR17: 0 | BS17: 0 | BT17: 0 | BU17: 0 | BV17: 0 | BW17: 968.032 | BX17: 968.032 | BY17: 968.032 | BZ17: 968.032 | CA17: 968.032 | CB17: 0 | CC17: 0 | CD17: 0 | CE17: 0 | CF17: 0 | CG17: 1081.6 | CH17: 1081.6 | CI17: 1081.6 | CJ17: 1081.6 | CK17: 1081.6 | CL17: 1081.6 | CM17: 1081.6 | CN17: 1081.6 | CO17: 1081.6 | CP17: 1081.6 | CQ17: 1081.6 | CR17: 1081.6 | CS17: 1081.6 | CT17: 1081.6 | CU17: 1081.6 | CV17: 1081.6 | CW17: 1081.6 | CX17: 1081.6 | CY17: 1081.6 | CZ17: 1081.6
